MGS 1;Hard;2005;В каком году произошел Шэдоу-Мозес инцидент?;2005;2002;1998;2007
MGS 1;Normal;Фрэнк Ягер;На самом деле, Киборг Ниндзя - это никто иной, как?;Фрэнк Ягер;Джек Хантер;Фрэнк Хантер;Дональд Андерсон
MGS 1;Normal;Курдская;Какова была национальность от Снайпер Вульф?;Курдская;Арабская;Иранская;Иракская
MGS 1;Normal;Выстрел в легкое;Снайпер Вульф сказал, что нет смысла спасать ее, потому что у нее смертельная рана. Какая именно?;Выстрел в легкое;Выстрел в живот;Выстрел в сердце;Выстрел в голову
MGS 1;Normal;Ужасные дети;Снейк и Ликвид - клоны легендарного солдата Биг Босса. Как назывался этот проект?;Ужасные дети;Сыновья Свободы;Операция: Пожиратель змей;Голый грех
MGS 1;Hard;Давид;Как зовут солид Снейка на самом деле?;Давид;Джон;Джек;Илай
MGS 1;Normal;Хидео Кодзима;Кто является создателем саги "Metal Gear"?;Хидео Кодзима;Дэвид Хейтер;Ёдзи Синкава;Акио Эцука
MGS 1;Normal;Сыновья биг босса (The Sons of Big Boss);Как террористы назвали себя?;Сыновья биг босса (The Sons of Big Boss);Мертвая клетка (Dead Cell);Патриоты (Patriots);Повстанцы (Rebels)
MGS 1;Hard;Симулированные солдаты;Как, по словам Роя Кэмпбелла, нужно называть спецназ следующего поколения (Next Generation Special Forces)?;Симулированные солдаты;Неизвестные солдаты;Наемники;Киберсолдаты
MGS 1;Hard;Никакого оружия;В начале игры у Снейка есть...?;Никакого оружия;ФАМАС;Сокомский пистолет;Мк 22
MGS 1;Normal;Солид Снейк (Solid Snake);Кто является главным героем в "Metal Gear Solid"?;Солид Снейк (Solid Snake);Райден (Raiden);Ликвид Снейк (Liquid Snake);Биг Босс (Big Boss)
MGS 1;Normal;Казухира "Каз" Миллер (Kazuhira "Kaz" Miller);Как на самом деле зовут мастера Миллера?;Казухира "Каз" Миллер (Kazuhira "Kaz" Miller);Джонни Сасаки  (Johnny Sasaki);Дональд Андерсон  (Donald Anderson);Грей Фокс (Gray Fox)
MGS 1;Normal;Дочь;Как Мерил Сильвербёрг связана с Рой Кэмпбеллом?;Дочь;Племянница;Они не связаны;Сестра
MGS 1;Hard;3. Сентября 1998;Когда MGS 1 был выпущен в Японии для PlayStation 1?;3. Сентября 1998;21. Октября 1998;22. Февраля 1999;4. Декабря 1998
MGS 1;Normal;Мэй Линг (Mei Ling);Кто сохраняет игровые данные?;Мэй Линг (Mei Ling);Насташа Романенко (Nastasha Romanenko);Наоми Хантер (Naomi Hunter);Рой Кэмпбелл (Roy Campbell)
MGS 1;Hard;140.15;Какова частота кодека Мерил?;140.15;140.30;141.12;140.42
MGS 1;Hard;141.52;Какова частота кодека Насташи Романенко?;141.52;141.12;140.92;140.52
MGS 1;Hard;140.96;Какова частота кодека Мэй Линг?;140.96;140.56;141.16;141.96
MGS 1;Hard;140.48;Какова частота кодека Диптрот (Deepthroat)?;140.48;140.46;140.28;140.32
MGS 1;Hard;141.80;Какова частота кодека Мастера Миллера?;141.80;141.12;140.85;140.15
MGS 1;Hard;141.12;Какова частота кодека Отакона?;141.12;141.02;141.21;141.52
MGS 1;Hard;Мерил Сильвербёрг (Meryl Silverburgh);Кто воспользовался частотой кодека 140.15?;Мерил Сильвербёрг (Meryl Silverburgh);Отакон (Otacon);Диптрот (Deepthroat);Насташа Романенко (Nastasha Romanenko)
MGS 1;Hard;Мэй Линг (Mei Ling);Кто воспользовался частотой кодека 140.96?;Мэй Линг (Mei Ling);Мастер Миллер (Master Miller);Рой Кэмпбелл и Наоми Хантер (Roy Campbell & Naomi Hunter);Диптрот (Deepthroat)
MGS 1;Hard;Рой Кэмпбелл и Наоми Хантер (Roy Campbell & Naomi Hunter);Кто воспользовался частотой кодека 140.85?;Рой Кэмпбелл и Наоми Хантер (Roy Campbell & Naomi Hunter);Мерил Сильвербёрг (Meryl Silverburgh);Мастер Миллер (Master Miller);Отакон (Otacon)
MGS 1;Hard;Диптрот (Deepthroat);Кто воспользовался частотой кодека 140.48?;Диптрот (Deepthroat);Мерил Сильвербёрг (Meryl Silverburgh);Мастер Миллер (Master Miller);Отакон (Otacon)
MGS 1;Normal;Мерил Сильвербёрг (Meryl Silverburgh);Чья частота кодека была записана на обратной стороне футляра для дисков игры?;Мерил Сильвербёрг (Meryl Silverburgh);Мастер Миллер (Master Miller);Диптрот (Deepthroat);Отакон (Otacon)
MGS 1;Hard;7;Сколько частот кодеков было использовано в игре?;7;5;8;10
MGS 1;Normal;Дэвид Хэйтер (David Hater);Кто озвучивает Солид Снейка (Solid Snake) на английском языке?;Дэвид Хэйтер (David Hater);Кэм Кларк (Cam Clarke);Кристофер Рэндольф (Christopher Randolph);Патрик Циммерман (Patric Zimmerman)
MGS 1;Normal;Акио Эцука (Akio Ôtsuka);Кто озвучивает Солид Снейка (Solid Snake) на японском языке?;Акио Эцука (Akio Ôtsuka);Баньо Джинга (Banjô Ginga);Хидеюки Танака (Hideyuki Tanaka);Такеши Аоно (Takeshi Aono)
MGS 1;Hard;Дженнифер Хейл;Кто озвучивает Наоми Хантер (Naomi Hunter) на английском языке?;Дженнифер Хейл;Деби Мэй Вест;Ким Май Гест;Тася Валенца
MGS 1;Hard;Кристофер Рэндольф;Кто озвучивает Хэла Эммериха (Hal Emmerich) на английском языке?;Кристофер Рэндольф;Пол Эйдинг;Питер Лурье;Питер Лурье
MGS 1;Hard;Мерил Сильвербёрг (Meryl Silverburgh);Кого озвучивает Деби Мэй Вест на английском языке?;Мерил Сильвербёрг (Meryl Silverburgh);Снайпер Вульф (Sniper Wolf);Мэй Линг (Mei Ling);Наоми Хантер (Naomi Hunter)
MGS 1;Hard;Рой Кэмпбелл (Roy Campbell);Кого озвучивает Пол Эйдинг на английском языке?;Рой Кэмпбелл (Roy Campbell);Дональд Андерсон (Donald Anderson);Грей Фокс (Gray Fox);Вулкан Рэйвен (Vulcan Raven)
MGS 1;Hard;Даг Стоун;Кто озвучивает Психо Мэнтиса (Psycho Mantis) на английском языке?;Даг Стоун;Питер Лурье;Дин Скофилд;Джон Сиган
MGS 1;Hard;Тася Валенца;Кто озвучивает Снайпер Вульф (Sniper Wolf) на английском языке?;Тася Валенца;Ким Май Гест;Дженнифер Хейл;Деби Мэй Вест
MGS 1;Normal;чтобы получить лечебный массаж;После пыток Снейк был заперт в тюремной камере. Почему его попросили приставить PlayStation контроллер к предплечью?;чтобы получить лечебный массаж;чтобы напомнить ему о пытках;чтобы показать ему выход;чтобы отвлечь Джонни Сасаки
MGS 1;Normal;с помощью кетчупа;После пыток, как Снейк может сбежать из тюремной камеры?;с помощью кетчупа;с помощью вилки;с помощью ножа;с помощью горчицы
MGS 1;Normal;платок от Снайпер Вульф;Снейк может избежать атак волков, снабдив …;платок от Снайпер Вульф;ID-карту Отакона;ружьё от Снайпер Вульф;Шарф Отакона
MGS 1;Normal;X-кнопка;Какая кнопка была использована на контроллере PlayStation 1 чтобы ползать?;X-кнопка;O-кнопка;квадратная кнопка;треугольная кнопка
MGS 1;Normal;квадратная кнопка;На контроллере PlayStation 1, какая кнопка использовалась для стрельбы из ружья?;квадратная кнопка;X-кнопка;треугольная кнопка;O-кнопка
MGS 1;Normal;треугольная кнопка;На контроллере PlayStation 1, какая кнопка использовалась для просмотра от первого лица?;треугольная кнопка;X-кнопка;квадратная кнопка;O-кнопка
MGS 1;Normal;Доменная печь;PlayStation: Какая область не была частью Диска 1?;Доменная печь;Снежное поле;Здание атомного склада;Башни связи
MGS 1;Normal;устранить Ликвида;Что не было задачей, которую Снейк должен был выполнять с самого начала?;устранить Ликвида;предотвратить запуск ядерного  удара;спасти заложников;устранить террористическую угрозу
MGS 1;Normal;Пайки;На самом начале, что можно было найти в подводной зоне?;Пайки;Гранаты;Боеприпасы;Оружие
MGS 1;Normal;Пайки;Зона доков: что можно было найти рядом с вилочным погрузчиком?;Пайки;Гранаты;Боеприпасы;светошумовые гранаты (Stun Grenades)
MGS 1;Hard;Пайки;Площадь Гелипорта: что можно было найти рядом с лифтом?;Пайки;ID-ключ-карта;Боеприпасы;светошумовые гранаты (Stun Grenades)
MGS 1;Normal;светошумовые гранаты (Stun Grenades);Площадь Гелипорта: что можно было найти в кладовке с камерой?;светошумовые гранаты (Stun Grenades);Пайки;Боеприпасы;Оружие
MGS 1;Hard;Пистолет Socom;Площадь Гелипорта: что можно было найти внутри грузовика?;Пистолет Socom;Пайки;Боеприпасы;Картонная коробка А
MGS 1;Normal;Площадь Гелипорта;Где Снейк нашёл пистолет SOCOM?;Площадь Гелипорта;Зона доков;Ангар танков;Зона тюремной камеры
MGS 1;Hard;Ангар танков;Где Снейк нашёл инфракрасные очки?;Ангар танков;Зона тюремной камеры;Площадь Гелипорта;Оружейная площадка
MGS 1;Hard;Ангар танков;Где Снейк нашёл картонную коробку А?;Ангар танков;Зона тюремной камеры;Площадь Гелипорта;Оружейная площадка
MGS 1;Normal;маскирующие гранаты (Chaff Grenades);Что можно было найти в центре вертолётной площадки?;маскирующие гранаты (Chaff Grenades);светошумовые гранаты (Stun Grenades);Гранаты;Пистолет Соком (Socom)
MGS 1;Normal;Каньон;Где Диптрот (Deepthroat) впервые связался со Снейком?;Каньон;Оружейная площадка;Ангар танков;Здание ядерного склада
MGS 1;Hard;Каньон;Где Снейк нашёл карту безопасности третьего уровня?;Каньон;Оружейная площадка;Ангар танков;Здание ядерного склада
MGS 1;Normal;Пайки;Что можно было найти у входа в здание ядерного комплекса на рампе слева от вас?;Пайки;Глушитель Соком;маскирующие гранаты (Chaff Grenades);Карту безопасности 3-го уровня
MGS 1;Hard;Ядерное здание на этаже В2;Где можно было найти очки ночного видения (Night Vision Goggle)?;Ядерное здание на этаже В2;Ядерное здание на этаже В1;Оружейная площадка;Ангар танков на верхнем этаже
MGS 1;Normal;Киберниндзя;3-й босс бой был против?;Киберниндзя;Вулкан Рейвен;Снайпер Вульф;Психо Мантис
MGS 1;Normal;нужно было сменить порт контроллера;Что было особенного в битве против Психо Мантиса?;нужно было сменить порт контроллера;он использовал камуфляж " невидимки";он использовал Мерил в качестве живого щита;нужно было сражаться без оружия
MGS 1;Hard;Оружейной площадки;Снайперскую винтовку ПСГ1 (PSG1) можно было найти внутри ...?;Оружейной площадки;Ядерного здания на этаже В2;Ядерного здания на этаже В1;Пещерах
MGS 1;Normal;Снайпер Вульф;5-й босс бой был против?;Снайпер Вульф;Вертолета Ми-24 (Hind D);Психо Мантиса;Киберниндзя
MGS 1;Hard;в ангере танков на этаже В1;Где находилась комната пыток?;в ангере танков на этаже В1;а ангере танков на этаже В2;внутри ядерного здания на этаже Б2;внутри Башен связи
MGS 1;Normal;не было возможности продолжить игру;Что было такого особенного насчет сцены пыток?;не было возможности продолжить игру;не было никакого способа проиграть;ее можно было пропустить;Снейку нужно было сдаться, чтобы остановить пытки
MGS 1;Hard;Снайпер Вульф;7-й босс бой был против?;Снайпер Вульф;Вертолета Ми-24 (Hind D);Психо Мантиса;Вулкан Рейвена
MGS 1;Hard;в Башнях связи;Где можно было найти портативную ракетную установку Стингер?;в Башнях связи;на Снежном поле;в ядерном здании;в оружейной зоне
MGS 1;Hard;Вулкан Рейвена;С каким соперником Снейку пришлось сражаться в бою с 8-м боссом?;Вулкан Рейвена;Снайпер Вульф;Метал Гир Рекса;Вертолета Ми-24 (Hind D)
MGS 1;Hard;от Отакона;От кого Снейк получил карточку безопасности 6-го уровня?;от Отакона;от Снайпер Вульф;от Психо Мантиса;от Мерил
MGS 1;Hard;от Вулкан Рейвена;От кого Снейк получил карточку безопасности 7-го уровня?;от Вулкан Рейвена;от Снайпер Вульф;от Отакона;от Мерил
MGS 1;Hard;Ядерное здание на этаже В1;Где можно было найти картонную коробку Б? ;Ядерное здание на этаже В1;Ядерное здание на этаже В2;Снежное поле;в Пещерах
MGS 1;Hard;сдаться во время пыток;Как можно было приобрести костюм невидимки (Stealth Camo)?;сдаться во время пыток;закончить игру на тяжелом уровне сложности;пройти игру на сложном уровне в течение определенного времени;противостоять пыткам на тяжелом уровне сложности
MGS 1;Hard;C4;Арсенал: Что находилось в кладовке 1-го уровня безопасности?;C4; ракетница Никита (Nikita Launcher);маскирующие гранаты (Chaff Grenades);ружьё FAMAS
MGS 1;Normal;комната заполнялась газом;Что случилось после того, как Снейк использовал ПАЛ ключ (PAL-key) в третий раз?;комната заполнялась газом;Оцелот пытался устроить засаду Снейку;Наоми призналась, что она заразила Снейка с ФоксДай (FOXDIE);Рой Кэмпбелл открыл, что Мерил - его дочь
MGS 1;Normal;Психо Мантис;С каким соперником Снейку пришлось сражаться в бою с 4-м боссом?;Психо Мантис;Вулкан Рейвен;Снайпер Вульф;Вертолет Ми-24 (Hind D)
MGS 1;Normal;Револьвер Colt SAA;Какое оружие использовал Оцелот во время боя босса против Снейка?;Револьвер Colt SAA;Глок 18 (Glock 18);Пистолет Scorpion;ружьё FAMAS
MGS 1;Normal;Мерил;В определенное время в игре кто-то сказал: "Я НЕ зеленый" Кто сказал эти слова?;Мерил;солид Снейк;Ликвид Снейк;Отакон
MGS 1;Normal;3 раза;На пути к башне связи со Снейком Мерил была ранена. Сколько раз ее ранили?;3 раза;2 раза;4 раза;1 раз
MGS 1;Normal;2 охранника;Зона доков:  сколько охранников патрулировало эту территорию до того, как спустился еще один?;2 охранника;1 охранник;3 охранника;4 охранника
MGS 2;Hard;19 ноября 2001 года;Когда игра была выпущена для PlayStation 2 в Японии?;19 ноября 2001 года;13 ноября 2001 года;16 декабря 2002 года;3 февраля 2002 года
MGS 2;Hard;23 ноября 2011 года;Когда была выпущена HD-версия для PlayStation 3 в Японии?;23 ноября 2011 года;13 ноября 2011 года;28 марта 2012 года;3 февраля 2012 года
MGS 2;Hard;5;Сколько в игре есть уровней доступа?;5;4;6;7
MGS 2;Hard;USS Discovery;Как назывался танкер?;USS Discovery;USS Voyager;USS Missouri;USS Patriot
MGS 2;Normal;2;Сколько лет прошло между инцидентом "Тanker" и "Plant"?;2;1;4;5
MGS 2;Hard;2009;В каком году происходит инцидент на Plant?;2009;2007;2003;2005
MGS 2;Normal;1;Сколько боев против боссов есть на Tanker?;1;2;3;4
MGS 2;Hard;чтобы выяснить, куда направляется танкер;Почему Отакон поручил Снейку идти сначала на корабельный мостик?;чтобы выяснить, куда направляется танкер;чтобы получить карту танкера;чтобы выяснить, кто капитан танкера;чтобы выяснить местоположение от Metal Gear
MGS 2;Normal;Это Снейк;Что было первым, что Снейк сказал на Танкер?;Это Снейк;Здесь довольно мокро;начинаю операцию "Сыновья Свободы";Заставил тебя ждать, да?
MGS 2;Normal;Джордж Сирс;Солидус Снейк также известен под именем...?;Джордж Сирс;Ричард Эймс;Плискин;Питер Стиллман
MGS 2;Normal;Джек;Как настоящее имя Райдена?;Джек;Дэвид;Джон;Рой
MGS 2;Hard;Квинтон Флинн;Кто озвучивал Райдена на английском языке?;Квинтон Флинн;Дэвид Хейтер;Патрик Циммерман;Джон Сиган
MGS 2;Normal;её нельзя победить;Как можно победить Fortune?;её нельзя победить;с помощью гранат;с помощью транквилизатора;используя снайперскую винтовку PSG 1
MGS 2;Normal;Ольга Гурлукович;Киборг Ниндзя, так же известный как Мистер Х, это не кто иной, как?;Ольга Гурлукович;Солид Снейк;Солидус Снейк;Плискин
MGS 2;Normal;Extreme;На какой сложности можно получить солдатский жетон Хидео Кодзимы?;Extreme;Very Easy;Normal;Hard
MGS 2;Normal;2;Сколько основных ядер содержит Big Shell?;2;4;6;8
MGS 2;Normal;Can't Say Goodbye to Yesterday;Как называлась финальная песня?;Can't Say Goodbye to Yesterday;Here's to you;The Best Is Yet to Come;Who Am I Really?
MGS 2;Hard;Ольга Гурлович;Кто не член в "Dead Cell"?;Ольга Гурлович;Олд Бой;Вамп;Форчен
MGS 2;Normal;Philanthropy ;Как называлась организация, которую основали Снейк и Отакон?;Philanthropy ;Dead Cell;Patriots;Sons of Liberty
MGS 2;Normal;Metal Gear Ray;Как называется Metal Gear, которого нужно сфотографировать?;Metal Gear Ray;Metal Gear ZEKE;Metal Gear Arsenal;Metal Gear Rex
MGS 2;Hard;Extreme;После того, как вы закончили игру, какие игровые сложности выявляются?;Extreme;Difficult;Very Easy;Hard Big Boss
MGS 2;Normal;5;Сколько уровней сложности есть в игре?;5;2;4;7
MGS 2;Normal;Big Boss Extreme;Какой уровень сложности отсутствует?;Big Boss Extreme;Very Easy;Normal;Hard
MGS 2;Hard;141.51;Какова частота кодека у Эммы Эммерих?;141.51;140.85;141.12;140.96
MGS 2;Hard;140.85;Какова частота кодека у полковника Кэмпбелла?;140.85;141.85;141.12;140.96
MGS 2;Hard;141.12;Какая частота кодека у Отакона?;141.12;140.85;141.52;141.96
MGS 2;Hard;140.96;Какая частота кодека у Розмари?;140.96;140.85;141.52;140.36
MGS 2;Hard;141.80;Какова частота кодека у Снейка?;141.80;140.85;139.90;142.30
MGS 2;Normal;Розмари;Кто использовал частоту кодека 140.96?;Розмари;Эмма;Плискин;полковник Кэмпбелл
MGS 2;Normal;Розмари;В главе "Plant": Кто сохраняет вашу игру?;Розмари;Эмма;Отакон;полковник Кэмпбелл
MGS 2;Normal;Солидус;Кто является последним боссом в игре?;Солидус;Вамп;Фэтмен;Metal Gear Ray
MGS 2;Normal;Она была зарезана;Как была убита Эмма?;Она была зарезана;Она была застрелена;Она была отравлена;Она была утоплена
MGS 2;Hard;Форчен;Кто лидер "Мертвой ячейки (Dead Cell)"?;Форчен;Фэтмен;Вамп;Питер Стиллман
MGS 2;Hard;Mk. 22;Нормальная сложность: Что не принадлежит к снаряжению в начале игры?;Mk. 22;M9;сигареты;Камера
MGS 2;Hard;Нож;Нормальная сложность: Что не принадлежит к снаряжению в начале игры?;Нож;Сигареты;датчик AP;Камера
MGS 2;Hard;Рацион;Палуба А, crew's lounge: Что можно найти рядом с экраном телевизора?;Рацион;шаффовые гранаты;боеприпасы;гранаты
MGS 2;Hard;Палуба D;Где можно найти картонную коробку 1?;Палуба D;Палуба В;Палуба С;Палуба Е
MGS 2;Hard;Палуба F;Какой палубы нет на Танкер?;Палуба F;Палуба D;Палуба С;Палуба Е
MGS 2;Hard;Навигационная палуба;Танкер: Где можно найти Тепловые Очки?;Навигационная палуба;Палуба D;Палуба С;Палуба Е
MGS 2;Normal;4;Сколько фотографий нужно было сделать от Metal Gear?;4;2;3;5
MGS 2;Normal;мобильная видеокамера;Что такое CYPHER?;мобильная видеокамера;кодовое имя для Оцелота;кодовое имя для Metal Gear;спутник
MGS 2;Normal;река Гудзон;По какой реке плыл танкер?;река Гудзон;река Миссури;Зелёная река;Ист-Ривер
MGS 2;Normal;присесть;Кнопка X на контроллере была использована для...?;присесть;удар;стрелять из оружия;кнопка действия
MGS 2;Normal;Бритва;Что можно было найти в главе "Plant"?;Бритва;Ножницы;расческа;Зеркало
MGS 2;Hard;от Стиллмана;Как Райден получил карту безопасности 1-го уровня?;от Стиллмана;от Плискина;от Снейка;от Фэтмена
MGS 2;Hard;Strut A;Где можно найти картонную коробку 1?;Strut A;Strut C;Strut D;Strut F
MGS 2;Hard;Strut F;Где можно найти Миноискатель?;Strut F;Strut C;Strut D;Strut E
MGS 2;Hard;Strut F;Где можно найти картонную коробку 2?;Strut F;Strut A;Strut D;Strut E
MGS 2;Hard;от Мистера Х;Как Raiden получил карту безопасности 2-го уровня?;от Мистера Х;от Фэтмена;от Снейка;от Питера Стиллмана
MGS 2;Normal;Snatcher;Какой плакат нельзя найти в MGS 2?;Snatcher;Policenauts;Zone of the Enders;Metal Gear Game
MGS 2;Hard;от Эймса;How does Raiden get the level 3 security card?;от Эймса;от Плискина;от Фэтмена;от Мистера Х
MGS 2;Hard;от президента;Как Raiden получил карту безопасности 4-го уровня?;от президента;от Эймса;от Плискина;от Мистера Х
MGS 2;Hard;от президента;Как Raiden получил MO DISK?;от президента;от Плискина;от Эммы;из Отакона
MGS 2;Hard;от Эммы;Как Raiden получил карту безопасности 5-го уровня?;от Эммы;от президента;от Эймса;от Плискина
MGS 2;Normal;George Washington Bridge;В начале игры Снейк прыгает с моста, чтобы попасть на танкер. С какого моста?;George Washington Bridge;Golden Gate Bridge;Rainbow Bridge;Millennium Bridge
MGS 2;Normal;полковник ГРУ;Отец Ольги был…;полковник ГРУ;известный террорист;член российского парламента;учёный
MGS 2;Normal;300;Рейден утверждал, что он выполнил много миссий VR. Сколько именно?;300;400;500;600
MGS 2;Normal;6;Из скольких опор состоит каждое ядро?;6;2;4;8
MGS 2;Normal;эксперт по бомбам;Кто такой Питер Стиллман?;эксперт по бомбам;Снайпер;Член Мертвой клетки;агент ЦРУ
MGS 2;Hard;Strut C;Где Рейден должен был встретиться с Питером Стиллманом?;Strut C;Strut B;Strut D;Strut E
MGS 2;Normal;он спит;Что случится, когда ты позвонишь Плискину через несколько минут после первой встречи?;он спит;он играет в PSP;он не отвечает;он борется с Вамп
MGS 2;Hard;президента Джонсона;Кого озвучивал Пол Лукатер на английском языке?;президента Джонсона;Солидус Снейка;Оцелота;Сергея Гурлуковича
MGS 2;Normal;зови меня Эмма;Когда Эмма умирала, она попросила Отакона об одной последней просьбе. О какой?;зови меня Эмма;поцелуй меня;уничтож GW;не забывай меня
MGS 2;Hard;мост Варраццано;Прямо в начале главы "Plant" был виден мост. Какой мост?;мост Варраццано;мост Джорджа Вашингтона;Бруклинский мост;Манхэттенский мост
MGS 2;Hard;Оцелот;После того, как Снейк попал на танкер. Чей голос был услышан первым?;Оцелот;Снейк;Отакон;Райден
MGS 2;Hard;здесь ничего нет;В лагере 1F был охранник, который регулярно докладывал о положении дел. Что именно он сообщал?;здесь ничего нет;никаких нарушителей;всё тихо;нечего сообщать
MGS 2;Hard;В "Big Shell" находится новая модель Metal Gear;Что именно ниндзя (Мистер Х) сообщил Райдену?;В "Big Shell" находится новая модель Metal Gear;Снейк не погиб во время инцидента с танкером;Настоящий лидер террористов - это Оцелот;Весь этот инцидент - это просто симуляция!
MGS 2;Hard;в Федерал-холл;Где встретились Роуз и Райден в первый раз?;в Федерал-холл;в здании Крайслера;в Эмпайр Стейт Билдинг;в Метрополитен-музее
MGS 2;Normal;Появился Металл Гир;Что случилось после того, как Хэрриет был сбит?;Появился Металл Гир;Фэтмен взорвал подпорку;Форчунь спасла Райдена;Райден сказал, что хочет стать ниндзей
MGS 2;Normal;Снейк дал её ему;Как Рейден получил ракетную установку "Стингер"?;Снейк дал её ему;он нашел её после битвы с Фэтменом;он украл её у Оцелота;она с самого начала находилас у него
MGS 2;Normal;Снейк;Как только у вас появилась снайперская винтовка PSG1, кто позвонил Райдену, чтобы дать ему дальнейшие инструкции?;Снейк;полковник Кэмпбелл;Мистер Х;Эмма Эммерих
MGS 2;Normal;найти список с именами патриотов;В конце игры Солидус сказал, что захват Arsenal Gear никогда не был настоящей целью. Какова была его истинная цель?;найти список с именами патриотов;запустить ядерную бомбу над Манхэттеном;убийство президента Джонсона;Схватить Снейка
MGS 2;Normal;прислушиваться к его сердцебиению;Какое предложение Райден сделал Эмме, чтобы отвлечь ее мысли от воды?;прислушиваться к его сердцебиению;подумать об Отаконе;притворится спящейся;пподумать, что она скажет Отакону
MGS 3;Hard;16. Декабря 2004 гoда;Когда вышла в Японии версия "Пожиратель змей" (Snake Eater) для PlayStation 2?;16. Декабря 2004 гoда;17. Ноября 2004 гoда;4. Марта 2004  гoда;17. Марта 2005  гoда
MGS 3;Hard;22. Декабря 2005 гoда;Когда вышла версия Субсистенс (Subsistence) для PlayStation 2 в Японии?;22. Декабря 2005 гoда;14. Марта 2006 гoда;6. Октября 2006 гoда;23. Ноября 2005 гoда
MGS 3;Hard;23. Ноября 2011 гoда;Когда вышла HD-версия для PlayStation 3 в Японии?;23. Ноября 2011 гoда;16. Декабря 2011 гoда;28. Марта 2012 гoда;3. Февраля 2012 гoда
MGS 3;Normal;до MGS 1;История происходит....;до MGS 1;после MGS 1 и до MGS 2;между MGS 1 и MGS 4;после Metal Gear 2 и до MGS 1
MGS 3;Normal;PlayStation 2;Игра была изначально выпущена для ...?;PlayStation 2;PlayStation 3;Nintendo GameCube;XBOX
MGS 3;Hard;1964 гoду;История происходит в ....;1964 гoду;1962 гoду;1965 гoду;1967 гoду
MGS 3;Normal;Нейкед Снейк (Naked Snake);Каково было кодовое имя Снейка?;Нейкед Снейк (Naked Snake);Босс (The Boss);Биг Босс (Big Boss);Солид Снейк (Solid Snake)
MGS 3;Normal;Соколов (Sokolov);Кого Снейк должен был спасти из Советского Союза?;Соколов (Sokolov);Адам (Adam);Ева (Eva);Босс (The Boss)
MGS 3;Normal;Майор Том (Major Tom);Майор Зеро также известен под именем ...?;Майор Том (Major Tom);Сиджинт (Sigint);Сайфер (Cipher);Майор Кэмпбелл (Major Campbell)
MGS 3;Hard;Джим Пиддок (Jim Piddock);Кто озвучивает Майора Зеро (Major Zero) на английском языке?;Джим Пиддок (Jim Piddock);Джеймс Матис (James C. Mathis);Нил Росс (Neil Ross);Джон Грант Альбрехт (J. Grant Albrecht)
MGS 3;Hard;Хизер Холли (Heather Halley);Кто озвучивает Пара-Медик (Para-Medic) на английском языке?;Хизер Холли (Heather Halley);Лори Алан (Lori Alan);Сузетт Минет (Suzetta Miñet);Тара Стронг (Tara Strong)
MGS 3;Hard;Лори Алан (Lori Alan);Кто озвучивает Босса (The Boss) на английском языке?;Лори Алан (Lori Alan);Тара Стронг (Tara Strong);Дженнифер Хейл (Jennifer Hale);Сузетт Минет (Suzetta Miñet)
MGS 3;Hard;Полковника Волгина;Кого озвучал Нил Росс (Neil Ross) на английском языке?;Полковника Волгина;Соколова;Оцелота;Энда (The End)
MGS 3;Hard;Феара (The Fear);Кого озвучивал Майкл Белл (Michael Bell) на английском языке?;Феара (The Fear);Пэйнa (The Pain);Полковника Волгина (Colonel Volgin);Сорроу (The Sorrow)
MGS 3;Hard;Фьюри (The Fury);Кого озвучивал Ричард Дойл (Richard Doyle) на английском языке?;Фьюри (The Fury);Майора Райкова;Соколова;Сорроу (The Sorrow)
MGS 3;Hard;Пара-Медик;Кого озвучивала Хоуко Кувасима (Houko Kuwashima) на японском языке?;Пара-Медик;Еву;Босса;Майора Райкова
MGS 3;Normal;Оцелот;Кто не является членом отряда Кобра?;Оцелот;Сорроу;Фьюри;Энд
MGS 3;Normal;Сорроу;Кто является членом отряда Кобра?;Сорроу;Волгин;Оцелот;Ева
MGS 3;Normal;может управлять осами;Пэйн (The Pain) …;может управлять осами;это изуродованный бывший космонавт;обладает сверхъестественной гибкостью и ловкостью;опытный снайпер
MGS 3;Normal;это опытный снайпер;Энд (The End) …;это опытный снайпер;это дух умершего медиума;это изуродованный бывший космонавт;это командир отряда Кобра
MGS 3;Normal;Вертуозная Миссия;Как называлась первая миссия?;Вертуозная Миссия;Операция: Пожиратель змей;Ла-Ли-Лу-Ле-Ло;через забор
MGS 3;Normal;Босс;Кто сбросил Снейка с моста?;Босс;Полковник Волгин;Оцелот;отряд Кобра
MGS 3;Normal;молнией;Волгин был убит...?;молнией;ракетой;воздушным ударом;пулей
MGS 3;Normal;от Босса;Как Снейк получил микрофильм, на котором было указано местонахождение  наследство философов?;от Босса;от Волгина;от Очелота;от Евы
MGS 3;Normal;Экстрим Сложный (Extreme Hard);Какой уровень сложности не существует в игре?;Экстрим Сложный (Extreme Hard);Очень простой (Very Easy);Нормальный (Normal);Сложный (Hard)
MGS 3;Normal;Джон Доу;В начале игры Парамедик спросила у Снейка его имя. Какое имя он назвал?;Джон Доу;Ричард Роу;Джон Стайлз;Дэвид Хайтер
MGS 3;Normal;Я играю в МГС 3 (MGS 3) в первый раз;В начале игры: Какая опция не была доступна в версии "Пожиратель змей" (Snake Eater) на PlayStation 2?;Я играю в МГС 3 (MGS 3) в первый раз;Мне нравится МГС 1 (MGS 1);Мне нравится МГС 2 (MGS 2);Я играю в МГС (MGS) в первый раз
MGS 3;Normal;Пара-Медик;Кто сохраняет твою игру?;Пара-Медик;Майор Зеро;Сиджинт;Ева
MGS 3;Normal;140.96;Какая радиочастота была использована для сохранения игры?;140.96;143.97;140.85;145.73
MGS 3;Hard;145.73;Какую радиочастоту использовала Пара-Медик?;145.73;140.85;148.41;142.52
MGS 3;Hard;142.52;Какую радиочастоту использовала ЕВА?;142.52;148.41;143.97;140.96
MGS 3;Hard;140.85;Какую радиочастоту использовал майор Зеро?;140.85;145.73;142.52;148.41
MGS 3;Hard;Ева;Кто использовал радиочастоту 142.52?;Ева;Майор Зеро;Пара-Медик;Босс
MGS 3;Hard;Пара-Медик;Кто использовал радиочастоту 145.73?;Пара-Медик;Майор Зеро;Босс;Сиджинт
MGS 3;Hard;Босс;Кто использовал радиочастоту 141.80?;Босс;Ева;Пара-Медик;Майор Зеро
MGS 3;Normal;Way To Fall;Какая была заключительная песня?;Way To Fall;Can't Say Goodbye to Yersterday;Calling to the Night;It Has to be This Way
MGS 3;Normal;Синтия Харрел;Кто исполнял песню "Пожиратель змей" (Snake Eater)?;Синтия Харрел;Starsailor;Лизбет Скотт;Донна Берк
MGS 3;Hard;Starsailor;Кто исполнял песню "Путь к падению" (Way To Fall)?;Starsailor;Гарри Грегсон-Уильямс;Логан Мейдер;Рэмли Дэвис
MGS 3;Hard;144.75;Какова частота для выхода из клетки?;144.75;147.30;145.30;148.41
MGS 3;Hard;64;Сколько лягушек Керотанов находится в игре?;64;68;62;70
MGS 3;Hard;28;Сколько лет Еве во время этих событий?;28;26;30;25
MGS 3;Hard;28;Сколько лет Парамедике во время этих событий?;28;26;30;32
MGS 3;Hard;55;Сколько лет майору Зеро во время этих событий?;55;58;60;53
MGS 3;Hard;42;Сколько лет Боссу во время этих событий?;42;40;44;46
MGS 3;Hard;20;Сколько лет Оцелоту во время этих событий?;20;24;29;32
MGS 3;Normal;Татьяна;Ева также была известна под именем?;Татьяна;Воевода;Ольга;Наташа
MGS 3;Hard;1960;Когда Ева перебежала в Советский Союз?;1960;1962;1959;1964
MGS 3;Normal;Феар (The Fear);Пауковый камуфляж используют...?;Феар (The Fear);Фьюри (The Fury);Энд (The End);Пэйн (The Pain)
MGS 3;Normal;ударить по всем керотанам;Как можно получить незаметную форму маскировки?;ударить по всем керотанам;закончить игру без убийств;поднять тревогу более чем в 100 раз;получить все камуфляжи / униформы
MGS 3;Hard;Евгений;Как зовут Волгина?;Евгений;Иван;Борис;Николай
MGS 3;Hard;45;Какой калибр пистолета у Евы?;45;22;9;38
MGS 3;Hard;Тип 17 Маузер;Какое оружие использовала Ева?;Тип 17 Маузер;Макаровский пистолет;M1911A1;Томпсон М1928А1
MGS 3;Hard;Роковой берег;Как называлось место, где ты в последний раз сражался с Боссом?;Роковой берег;Лазорево;Грозный Град;Тихогорный
MGS 3;Normal;Патриот (Patriot);Какое оружие ты получишь после окончания игры?;Патриот (Patriot);M4;Mk 22;EZ Gun
MGS 3;Normal;6;Сколько членов было в отряде "Кобра"?;6;5;4;7
MGS 3;Hard;EZ Gun;Какое оружие было разработано Сиджинтом?;EZ Gun;M1911A1;Type 19 Mauser;XM16E1
MGS 3;Normal;битву против Энд;Какую битву против босса можно обойти?;битву против Энд;битву против полковника Волгина;битву против Оцелота;битву против Феар
MGS 3;Normal;Виртуальная миссия;Как Снейк ошибочно назвал миссию во время брифинга?;Виртуальная миссия;Моделируемая миссия;Визуальная миссия;Покинутая миссия
MGS 3;Normal;Пэйн, Феар, Энд, Фьюри, Сорроу, Босс;В каком порядке ты сражаешься с отрядом Кобры?;Пэйн, Феар, Энд, Фьюри, Сорроу, Босс;Пэйн, Фьюри, Феар, Энд, Сорроу, Босс;Пэйн, Феар, Сорроу, Энд, Фьюри, Босс;Пэйн, Феар, Фьюри, Энд, Сорроу, Босс
MGS 3;Normal;Босс (The Boss);Я предан... до конца. Для моей цели. - Чьи это были слова?;Босс (The Boss);Снэйк;Оцелот;Ева
MGS 3;Normal;Босс (The Boss);На поле боя нет такого понятия, как удача. - Чьи это были слова?;Босс (The Boss);Волгин;Снэйк;Ева
MGS 3;Normal;Фьюри (The Fury);Огонь моего гнева сожжет тебя! - Чьи это были слова?;Фьюри (The Fury);Волгин;Оцелот;Пэйн (The Pain)
MGS 3;Normal;Патриот;Какое оружие использовала Босс?;Патриот;SAA;Мк. 22;Макаров АПС
MGS 3;Normal;Лапша быстрого приготовления;Пара-Медик попросил Снейка во время разговора привезти ей еду, если он не собирается ее есть. О какой еде она говорила?;Лапша быстрого приготовления;русские Пайки;русского кролика;Фрукт А
MGS 3;Normal;Джон;Как настоящее имя Нейкед Снейка?;Джон;Джек;Дэвид;Джеймс
MGS 3;Normal;Джейн Доу;В начале игры Снейк попросил Парамедик назвать ее имя. Какое имя она сказала?;Джейн Доу;Джейн Гарден;Салли Блоггз;Салли Смит
MGS 3;Normal;Пакистан;Пролетев над какой страной, самолет приблизился к советскому воздушному пространству?;Пакистан;Китай;Афганистан;Индия
MGS 3;Hard;Дремучий Север;Где Снейк впервые столкнулся с вражескими солдатами?;Дремучий Север;Дремучий Юг;Долиноводно;Рассвет
MGS 3;Hard;Мосин-Нагант;Какое оружие использовал Энд?;Мосин-Нагант;ПСГ 1;СВД;ДСР 1
MGS 3;Hard;Бостон;В каком городе родилась Пара-Медик?;Бостон;Нью-Йорк;Вашингтон;Чикаго
MGS 3;Hard;иметь личные чувства к товарищам;По словам Босса, каков один из самых худших грехов, которые можно совершить?;иметь личные чувства к товарищам;всегда искать повод для боя;самому решать, с кем сражаться на поле боя;сражаться против своих товарищей
MGS 3;Hard;политическим инструментом;По словам Босса, кем именно является солдат?;политическим инструментом;тот, кто ищет повода для боя;тот, кто сомневается в его приказах;прирождённый боец
MGS 4;Hard;12. июня 2008 года;Когда игра была выпущена в Японии?;12. июня 2008 года;28. июня 2008 года;1. июня 2008 года;30. июня 2008 года
MGS 4;Normal;PlayStation 3;Первоначально игра была выпущена для...?;PlayStation 3;PlayStation 4;XBOX 360;GameCube
MGS 4;Hard;2014;В каком году проходят эти события?;2014;2008;2010;2012
MGS 4;Hard;9;Сколько лет прошло с момента событий MGS 1?;9;7;11;5
MGS 4;Normal;Старый Снейк;Как называли Снейка в игре?;Старый Снейк;Голый Снейк;Ядовитый Снейк;Умирающий Снейк
MGS 4;Normal;использование ракетоносителя;Какой из этих методов не восстанавливал показатель психики?;использование ракетоносителя;Курение;Питьевая;чтение журнала для взрослых
MGS 4;Normal;системы-SOP;Деятельность ЧВК находится под контролем… ?;системы-SOP;частных компаний;Государственных органов;Корпусa "Б & Б"
MGS 4;Normal;Смеющийся Осьминог;1-ая битва была против какого члена Б&Б-Корпуса?;Смеющийся Осьминог;Бешеный Ворон;Плачущий Волк;Кричащий Богомол
MGS 4;Normal;Бешеный Ворон;2-ая битва была против какого члена Б&Б-Корпуса?;Бешеный Ворон;Смеющийся Осьминог;Плачущий Волк;Кричащий Богомол
MGS 4;Normal;победив Смеющегося Осьминога;Как можно получить ФейсКамо?;победив Смеющегося Осьминога;ппобедив кричащего Богомола;закончить игру на Трудной сложности;закончив игру в течение 4 часов
MGS 4;Normal;E3 2005;Когда игра была публично объявлена?;E3 2005;E3 2006;TGS 2005;TGS 2006
MGS 4;Hard;Джеки Прести;Кто исполнял песню "Тема любви"?;Джеки Прести;Элизабет Скотт;Донна Берк;Синтия Харрелл
MGS 4;Hard;За тебя (Here's to You);Как называется финальная песня?;За тебя (Here's to You);Тема любви (Love Theme);Лучшее еще впереди (The Best is Yet to Come);Не могу проститься с вчерашним днем (Can't Say Goodbye to Yesterday)
MGS 4;Hard;2012;В каком году была добавлена поддержка трофеев?;2012;2013;2011;2010
MGS 4;Hard;Дженифер Хейл;Кто озвучивает Наоми Хантер на английском языке?;Дженифер Хейл;Деби Мэй Вест;Кристина Пучелли;Ли Меривезер
MGS 4;Hard;Хироми Цуру;Кто озвучивает Наоми Хантер на японском языке?;Хироми Цуру;Хоуко Кувасима;Кёко Тэрасэ;Кикуко Иноуэ
MGS 4;Hard;Ким Мэй Гест;Кто озвучивает Мэй Лин на английском языке?;Ким Мэй Гест;Лара Коди;Ли Меривезер;Деби Мэй Вест
MGS 4;Hard;Хоуко Кувасима;Кто озвучивает Мэй Лин на японском языке?;Хоуко Кувасима;Кёко Тэрасэ;Кикуко Иноуэ;Ясуё Набешима
MGS 4;Hard;Кристина Пучелли;Кто озвучивает Санни на английском языке?;Кристина Пучелли;Ли Меривезер;Рене Раудман;Жюли Монро
MGS 4;Hard;Лара Коди;Кто озвучивает Розмари на английском языке?;Лара Коди;Рене Раудман;Тасия Валенсия;Ли Меривезер
MGS 4;Hard;Деби Мэй Вест;Кто озвучивает Мерил Сильвербёрг на английском языке?;Деби Мэй Вест;Тасия Валенсия;Ванесса Маршалл;Дженифер Хейл
MGS 4;Hard;Кёко Тэрасэ;Кто озвучивает Мерил Сильвербёрг на японском языке?;Кёко Тэрасэ;Наоко Накамура;Хоуко Кувасима;Хироми Цуру
MGS 4;Hard;Фред Таташиор;Кто озвучивает Кричащего Богомола (Чудовище) на английском языке?;Фред Таташиор;Мора Гейл;Эрл Боэн;Нэнси Линари
MGS 4;Normal;Кристофер Рэндольф;Кто озвучивает Хэл Эммериха на английском языке?;Кристофер Рэндольф;Патрик Циммерман;Дэвид Хайтер;Гарри Грегсон-Уильямс
MGS 4;Hard;Хидэюки Танака;Кто озвучивает Хэл Эммериха на японском языке?;Хидэюки Танака;Такеши Аоно;Юдзуру Фудзимото;Кейдзи Фудзивара
MGS 4;Hard;Банджо Гинга;Кто озвучивает Ликвид Оцелота на японском языке?;Банджо Гинга;Хидэюки Танака;Такеши Аоно;Кэнъю Хориути
MGS 4;Normal;Акио Оцука;Кто озвучивает Солид Снейка на японском языке?;Акио Оцука;Хидео Кодзима;Ёдзи Синкава;Дэвид Хайтер
MGS 4;Normal;Квинтон Флинн;Кто озвучивает Райдена на английском языке?;Квинтон Флинн;Дэвид Хайтер;Ёдзи Синкава;Гарри Грегсон-Уильямс
MGS 4;Hard;Кэнъю Хориути;Кто озвучивает Райдена на японском языке?;Кэнъю Хориути;Такеши Аоно;Банджо Гинга;Хидэюки Танака
MGS 4;Hard;Бенг Спайс;Кто озвучивает Джонни (Акиба) на английском языке?;Бенг Спайс;Фил Ламарр;Эрл Боэн;Пол Эйдинг
MGS 4;Hard;Джеймс Си;Кто озвучивает Джонатана на английском языке?;Джеймс Си;Хари Пэйтон;Ричард Дойл;Боб Джоулз
MGS 4;Normal;Фил Ламарр;Кто озвучивает Вампа на английском языке?;Фил Ламарр;Дэйв Фенной;Патрик Циммерман;Боб Джоулз
MGS 4;Hard;141.12;Какова частота кодека Отакона?;141.12;141.80;141.52;140.96
MGS 4;Hard;147.79;Какова частота кодека Розмари?;147.79;141.80;142.52;145.73
MGS 4;Normal;140.85;Какова частота кодека Ройя Кэмпбелла?;140.85;148.93;141.20;144.80
MGS 4;Normal;140.15;Какова частота кодека Мерил?;140.15;141.85;148.93;147.79
MGS 4;Hard;Дребин;Кто использовал частоту кодека 148.93?;Дребин;Райден;Розмари;Отакон
MGS 4;Hard;Райден;Кто использовал частоту кодека 141.80?;Райден;Отакон;Мерил;Розмари
MGS 4;Normal;Дребин;С кем нельзя связаться?;Дребин;Розмари;Рой Кэмпбелл;Отакон
MGS 4;Normal;Райден;С кем нельзя связаться?;Райден;Розмари;Рой Кэмпбелл;Отакон
MGS 4;Hard;Приключение пингвинов (Penguin Adventure);Во время брифинга акта 2, Санни играет в игру PSP. В какую?;Приключение пингвинов (Penguin Adventure);Метал Гир 1;Метал Гир 2;Полицейские (Policenauts)
MGS 4;Normal;после MGS 2;История происходит...;после MGS 2;до MGS 3;после MGS 3 и до MGS 2;между Metal Gear 2 и MGS 1
MGS 4;Normal;6;На сколько актов разделена игра?;6;2;4;8
MGS 4;Normal;Liquid Sun;Как назывался 1-й акт?;Liquid Sun;Solid Sun;Twin Suns;Old Sun
MGS 4;Normal;Solid Sun;Как назывался 2-й акт?;Solid Sun;Liquid Sun;Twin Suns;Old Sun
MGS 4;Normal;Twin Suns;Как назывался 4-й акт?;Twin Suns;Liquid Sun;Solid Sun;Old Sun
MGS 4;Hard;Old Sun;Как назывался 5-й акт?;Old Sun;Liquid Sun;Naked Sin;Twin Suns
MGS 4;Hard;Ликвид Оцелот;По сравнению с MGS 2, какой персонаж получил на японском нового голосовово актёра?;Ликвид Оцелот;Отакон;Рой Кэмпбелл;Райден
MGS 4;Normal;4;Из скольких членов состоял отряд Rat Patrol Team 01?;4;3;5;6
MGS 4;Normal;20%;В некоторые дни Дребин предлагает скидку. Насколько велика эта скидка?;20%;30%;40%;50%
MGS 4;Normal;во время брифинга для 2-го акта;Где можно найти фотоаппарат?;во время брифинга для 2-го акта;в Адвент Паласе;во время брифинга для 3-го акта;в вилле Виста
MGS 4;Hard;Акина Минами;В особняке Виста был плакат в спальне. Как звали ту модель?;Акина Минами;Кёко Тэрасэ;Хироми Цуру;Юми Кикучи
MGS 4;Normal;Киборг Рейден (закрытй Визор);Какую раскраску лица можно получить после столкновения Наоми с Metal Gear Mk. II?;Киборг Рейден (закрытй Визор);Киборг Рейден (открытый Визор);Наоми;Санни
MGS 4;Hard;48273;Каков пароль для компьютера Отакона в 4-м акте?;48273;43782;47382;42873
MGS 4;Normal;используя комбинацию дымовых и оглушительных гранат;Каков популярный подход к победе над Плачущим Волком (Crying Wolf) не смертельным способом даже на тяжелом уровне сложности?;используя комбинацию дымовых и оглушительных гранат;используя шахты со сонным газом;используя Мосин Нагант;используя ружье с патронами V-Ring
MGS 4;Normal;в 4-м акте;Когда можно впервые пользоваться Metal Gear Mk III?;в 4-м акте;в 2-м акте;в 3-м акте;в 5-м акте
MGS 4;Normal;уровень сложности Hard Big Boss;Что не требуется для эмблемы Биг Босс?;уровень сложности Hard Big Boss;завершить игру менее чем за 5 часов;никаких убийств;без продолжений
MGS 4;Hard;более 600 убийств;Что не требуется для эмблемы курицы?;более 600 убийств;закончить игру более чем за 35 часов;более 150 тревог;минимум 50 продолжений
MGS 4;Hard;закончить игру в течении 8 часов;Что не требуется для эмблемы лисы?;закончить игру в течении 8 часов;нормальный уровень сложности;никаких убийств;менее 5 оповещений
MGS 4;Normal;закончить игру без убийств;Как можно получить Бандану?;закончить игру без убийств;закончить игру на трудом уровне сложности;закончить игру в течение 8 часов;завершить игру без тревог
MGS 4;Normal;завершить игру без тревог;Как можно получить скрывающий камуфляж?;завершить игру без тревог;закончить игру на трудом уровне сложности;закончить игру в течение 8 часов;закончить игру с менее чем 5 убийств
MGS 4;Normal;5 миллионов Дп;Сколько стоит Бандана?;5 миллионов Дп;1 миллионов Дп;10 миллионов Дп;7 миллионов Дп
MGS 4;Normal;Осьминог, Ворон, Волк, Богомол;В каком порядке приходится сражаться с корпусом Б & Б?;Осьминог, Ворон, Волк, Богомол;Осьминог, Волк, Ворон, Богомол;Ворон, Осьминог, Волк, Богомол;Ворон, Волк, Осьминог, Богомол
MGS 4;Hard;13462;Трек iPod " Polenauts End Title " от Policenauts, можно получить используя какой код?;13462;78925;12893;48273
MGS 4;Hard;5;Сколько лет прошло с момента событий MGS 2?;5;4;6;7
MGS 4;Hard;Ли Мериуэзер;Кто озвучивал Еву на английском языке?;Ли Мериуэзер;Тасиа Валенца;Кристина Пучелли;Дженифер Хейл
MGS 4;Hard;продолжать игру более 40 раз;Как можно получить форму Трупа?;продолжать игру более 40 раз;убить как минимум 500 врагов;погибнут как минимум 100 раз;поднять более 200 тревог
MGS 4;Hard;14893;Какой код нужно было ввести в компьютер Отакона, чтобы получить 100.000 DP?;14893;48273;12893;42673
MGS 4;Normal;по средам и воскресеньям;В какие дни Дребин предлагает скидку?;по средам и воскресеньям;по субботам и воскресеньям;по средам и субботам;по пятницам и воскресеньям
MGS 4;Normal;Мерил;С кем нельзя связаться?;Мерил;Розмари;полковник Кэмпбелл;Отакон
MGS 4;Normal;с контроллером PlayStation 3;Как Снейк управляет Metal Gear MK-2?;с контроллером PlayStation 3;с PlayStation Portable;с iPod;с наномашинами
MGS 4;Normal;с помощью солнечного пистолета;Как можно довольно быстро победить Вампа?;с помощью солнечного пистолета;используя M4 с патронами V-Ring;с помощью шахт со сонным газом;с помощью маскировки лица Плачущей Красавицы
MGS 4;Normal;Босс;Какой персонаж не появляется в MGS 4?;Босс;Большой Босс;Оцелот;Ева
MGS 5;Normal;2 сентября 2015 года;Когда игра вышла в Японии?;2 сентября 2015 года;12 июня 2015 года;1 марта 2015 года;15 сентября 2015 года
MGS 5;Normal;1 сентября 2015 года;Когда игра была выпущена на мировом рынке для игровых приставок?;1 сентября 2015 года;12 июня 2015 года;1 августа 2015 года;15 сентября 2015 года
MGS 5;Hard;11 октября 2016 года;Когда была выпущена версия Metal Gear Solid V: The Definitive Experience в Северной Америке?;11 октября 2016 года;15 сентября 2016 года;10 ноября 2016 года;1 сентября 2016 года
MGS 5;Hard;10 ноября 2016 года;Когда была выпущена версия Metal Gear Solid V: The Definitive Experience в Японии?;10 ноября 2016 года;11 октября 2016 года;31 октября 2016 года;30 ноября 2016 года
MGS 5;Normal;Switch;Игра не была выпущена для...?;Switch;PlayStation 3;XBOX 360;XBOX One
MGS 5;Hard;1984 году;История игры происходит в …;1984 году;1972 году;1978 году;1982 году
MGS 5;Normal;9;Сколько лет прошло с момента событий Metal Gear Solid V: Ground Zeroes?;9;7;5;11
MGS 5;Hard;11;Сколько лет история проходит перед событиями оригинального Metal Gear?;11;9;13;15
MGS 5;Normal;на Кипре;После событий Ground Zeroes: Где пришел в сознание Биг Босс?;на Кипре;в Афганистане;в Египте;в Коста-Рике
MGS 5;Normal;вблизи Сейшельских островов;Где расположены Diamond Dogs (Алмазные Псы)?;вблизи Сейшельских островов;в южной части Атлантического океана;в Индийском океане;в южной части Тихого океана
MGS 5;Normal;они генетически не связаны;В определенный момент в истории ДНК-тест доказал, что Илай не был клоном Venom Снейка. Почему?;они генетически не связаны;Илай манипулировал тестом;это была ошибка в лаборатории;ДНК Venom Снейка не сравнивали с ДНК Илая
MGS 5;Hard;ST-84;Новый Metal Gear также был известен под именем модели?;ST-84;ZE-20;MG-83;RX-3
MGS 5;Normal;Diamond Dogs;Как называется группа наемников Биг Босса?;Diamond Dogs;Militaires Sans Frontières;XOF;Outer Heaven
MGS 5;Normal;на Кипре;Где Venom Снейк впервые встретился с Quiet?;на Кипре;в Афганистане;в Анголе;на Mother Base
MGS 5;Normal;она была инфицирована;Почему Quiet ни с кем не разговаривал на Mother Base?;она была инфицирована;она была немой;она не могла говорить по английски;она отказалась говорить
MGS 5;Hard;Трейлер с зеленой лентой;Как называется трейлер, который был показан на пресс-конференции Microsofts на Е3 в 2013 году?;Трейлер с зеленой лентой;Трейлер с красной лентой;Трейлер с белой лентой;Трейлер с черной лентой
MGS 5;Normal;Not Your Kind of People;Какая песня была представлена в трейлере на GDC 2013?;Not Your Kind of People;Nuclear;Sins of the Father;Quiet's Theme
MGS 5;Normal;Elegia;Какая песня была представлена в трейлере на E3 2015?;Elegia;Nuclear;Sins of the Father;Quiet's Theme
MGS 5;Normal;Nuclear;Какая песня была представлена в трейлере на E3 2014?;Nuclear;Not Your Kind of People;Sins of the Father;Quiet's Theme
MGS 5;Normal;Стефани Йостен;Какая актриса играет Quiet?;Стефани Йостен;Донна Берк;Леа Сейду;Дженифер Хейл
MGS 5;Hard;Хидэюки Танака;Кто озвучивает Хьюи Эммериха на японском языке?;Хидэюки Танака;Сатоши Миками;Юдзуру Фудзимото;Кейдзи Фудзивара
MGS 5;Normal;Кристофер Рэндольф;Кто озвучивает Хьюи Эммериха на английском языке?;Кристофер Рэндольф;Патрик Циммерман;Дэвид Хайтер;Гарри Грегсон-Уильямс
MGS 5;Hard;Сатоши Миками;Кто озвучивает Оцелота на японском языке?;Сатоши Миками;Хидэюки Танака;Такеши Аоно;Томокадзу Сугита
MGS 5;Normal;Трой Бейкер;Кто озвучивает Оцелота на английском языке?;Трой Бейкер;Робин Аткин Даунз;Дэвид Хайтер;Пол Эйдинг
MGS 5;Normal;Кифер Сазерленд;Кто озвучивает Venom Снейка на английском языке?;Кифер Сазерленд;Дэвид Хайтер;Акио Оцука;Трой Бейкер
MGS 5;Normal;Акио Оцука;Кто озвучивает Venom Снейка на японском языке?;Акио Оцука;Хидео Кодзима;Ёдзи Синкава;Дэвид Хайтер
MGS 5;Hard;Робин Аткин Даунз;Кто озвучивает Казухира Миллера на английском языке?;Робин Аткин Даунз;Робин Аткин Даунз;Кристофер Рэндольф;Джей Таваре
MGS 5;Hard;Томокадзу Сугита;Кто озвучивает Казухира Миллера на японском языке?;Томокадзу Сугита;Такеши Аоно;ТСатоши Миками;ТХидэюки Танака
MGS 5;Hard;Джей Таваре;Кто озвучивает Code Talker на английском языке?;Джей Таваре;Робин Аткин Даунз;Пол Эйдинг;Квинтон Флинн
MGS 5;Hard;Джеймс Хоран;Кто озвучивает Черепа (Skull Face) на английском языке?;Джеймс Хоран;Ричард Дойл;Джеймс Си;Джей Таваре
MGS 5;Hard;Metal Gear Solid V Lost Memories;Какой саундтрек не был выпущен?;Metal Gear Solid V Lost Memories;Metal Gear Solid V Original Soundtrack;Metal Gear Solid V Extended Soundtrack;Metal Gear Solid V Original Soundtrack The Lost Tapes
MGS 5;Normal;Биг Босс;Измаил был не кем иным, как?;Биг Босс;Оцелот;Казухира Миллер;Череп (Skull Face)
MGS 5;Hard;11 марта;Когда Веном Снэйк проснулся?;11 марта;9 марта;14 марта;7 марта
MGS 5;Hard;21 марта;Когда Оцелот и Веном Снэйк вошли в район Северного Кабула, чтобы найти Миллера?;21 марта;11 марта;1 марта;7 марта
MGS 5;Hard;Ты помнишь, что с тобой случилось?;Какой вопрос не задавал врач в больнице?;Ты помнишь, что с тобой случилось?;Как тебя зовут?;Тебе трудно говорить?;Ты можешь пошевелить головой?
MGS 5;Hard;3;Спасение Миллера: Сколько дней Миллеру оставалось жить по словам Оцелота?;3;1;2;4
MGS 5;Hard;Da Ghwandai Khar;Как называлась деревня, где Миллер содержался в плену?;Da Ghwandai Khar;Da Wialo Kallai;Da Shago Kalla;Da Smasei Laman
MGS 5;Hard;Устраните командира подразделения спецназа;Какова была цель миссии "Путь Героя"?;Устраните командира подразделения спецназа;уничтожение оборудования связи;спасти заключённого инженера;спасти муджахида
MGS 5;Hard;Где прячется жало?;Во время какой миссии Веном Снэйк встретился лпервый раз лицом к лицу с Черепом?;Где прячется жало?;Информационная война (C2W);Оккупационные силы;Ангел со сломанными крыльями
MGS 5;Normal;Окружённая тишиной;Во время какой миссии Веном Снэйку пришлось сражаться с Quiet?;Окружённая тишиной;Ангел со сломанными крыльями;Путь героя;Оккупационные силы
MGS 5;Normal;Королевство мух;Как называлась последняя миссия, которая была вырезана из игры?;Королевство мух;Фантомные конечности;Путь героя;Дорога в ад
MGS 5;Hard;Центральный базовый лагерь;Где Хьюи держали в заложниках, когда Снейк спас его?;Центральный базовый лагерь;Серакская Электростанция;Восточная коммуникационная служба;Каря Сахра Э
MGS 5;Normal;спасти Хьюи;Какова была главная цель миссии "Дорога в Ад"?;спасти Хьюи;Эвакуация капсулы ИИ;уничтожить Сахелиантропа;спасать детей-солдат
MGS 5;Hard;Непроглядная тьма;Как называлась первая миссия Веном Снейка в Африке?;Непроглядная тьма;Общий язык;Караван Предателей;Узы Крови
MGS 5;Hard;Голоса;Во время какой миссии Веном Снейку пришлось сражаться с горящим Человеком?;Голоса;Общий язык;Узы Крови;Охота
MGS 5;Normal;Белая Мамба;Во время какой миссии Веном Снейку пришлось сражаться против Илая?;Белая Мамба;Общий язык;Голоса;Близкий Контакт
MGS 5;Hard;Аутпост снабжения Yakho Oboo;Где Веном Снейк нашел тело горящего Человека?;Аутпост снабжения Yakho Oboo;Da Shago Kalla;Qarya Sakhra Ee;Центральный Базовый Лагерь
MGS 5;Hard;Дворец Lamar Khaate;Где держали Quiet в заложниках?;Дворец Lamar Khaate;Аутпост снабжения Yakho Oboo;Qarya Sakhra Ee;Восточная коммуникационная почта
MGS 5;Normal;Я не выбрал быть тихой;Каковы были первые слова на кассете от Quiet?;Я не выбрал быть тихой;Если бы только у нас был общий язык;Месть привела меня к ним;Я хотела выразить свои чувства к тебе
MGS 5;Normal;Правда: человек, продавший мир;Фактов не существует, есть только интерпретации.  Перед какой миссией мы видели эту цитату?;Правда: человек, продавший мир;Череп;Пробуждение;Королевство мух
MGS 5;Normal;Теперь ты помнишь?;Каковы были первые слова на кассете от Биг Босса?;Теперь ты помнишь?;Я обманул смерть, благодаря тебе;Я Биг Босс, и ты тоже;Эта история - эта "легенда" - наша...
MGS 5;Normal;С этого момента ты - Биг Босс;Каковы были последние слова на кассете от Биг Босса?;С этого момента ты - Биг Босс;Спасибо... мой друг;Эта история - эта "легенда" - наша...;Я - это ты, а ты - это я
MGS 5;Hard;[Экстрим] Голоса;Какой миссии не существует?;[Экстрим] Голоса;[Экстрим] Помощь и отход;[Экстрим] Караван предателей;[Экстрим] Code Talker
MGS 5;Hard;[Невидимка] Общий язык;Какой миссии не существует?;[Невидимка] Общий язык;[Невидимка] За оградой;[Невидимка] Военная экономика;[Невидимка] Следы призраков
MGS 5;Hard;157;Сколько в игре есть побочных заданий?;157;132;145;126
MGS 5;Normal;7;Сколько в игре есть побочных заданий: Тренировка стрельбы?;7;4;9;11
MGS 5;Hard;Череп;Как называлась миссия номер 30?;Череп;Code Talker;Металлические археи;Сахелантроп
MGS 5;Normal;Безмолвный выход;Как называлась миссия, после которой Quiet исчезла?;Безмолвный выход;Окружённая тишиной;Оккупационные силы;Безмолвная месть
MGS 5;Hard;45;Когда Веном Снейк отправился спасать Quiet, какой это был номер миссии?;45;43;47;46
MGS 5;Normal;Peace Walker - Main Theme;Какую кассету можно приобрести во время миссии "Неугасимый свет"?;Peace Walker - Main Theme;Heavens Divide;Snake Eater;The Man Who Sold The World
MGS 5;Normal;Донна Берк;Кто пел песню "Грехи Отца" (Sins of the Father)?;Донна Берк;Элизабет Скотт;Синтия Харрелл;Стефани Йостен
MGS 5;Hard;после завершения 14-й миссии;Когда можно использовать Quiet в качестве напарника?;после завершения 14-й миссии;после завершения 15-й миссии;после завершения 16-й миссии;после завершения 19-й миссии
MGS 5;Normal;Эмиль Чоран;Какого философа цитировали в начале игры?;Эмиль Чоран;Фридрих Ницше;Марк Твен;Сайфер
MGS 5;Normal;Стрейнджлав;Когда Веном Снейк добыл капсулу ИИ, внутри неё был найден труп. Кто это был?;Стрейнджлав;Чико;Паз;полковник Волгин
MGS 5;Normal;полковник Волгин (Colonel Volgin);Горящий Человек - это не кто иной как?;полковник Волгин (Colonel Volgin);Череп (Skull Face);Чико (Chico);Скорбь (The Sorrow)
MGS 5;Normal;их кремированные останки были превращены в алмазы;Что случилось с людьми, которые погибли во время эпидемии на Материнской базе?;их кремированные останки были превращены в алмазы;они были похоронены на море;они были похоронены;их останки были вывезены
MGS 5;Normal;Ты меня слышишь?;Что было первым, что доктор сказал к Веном Снейку?;Ты меня слышишь?;Тебе трудно говорить?;Ты можешь пошевелить головой?;Как ты себя чувствуешь?
MGS 5;Normal;Миллер и Паз;На протяжении всей игры можно было получить несколько памятных фотографий. Как называлась первая фотография?;Миллер и Паз;Празднование дня рождения;Коста-Рика;Доставка посылок
MGS 5;Hard;144;На какой побочной операции можно было извлечь тело горящего человека?;144;149;137;132
MGS 5;Hard;7;Сколько платформ было доступно на базе  «алмазных псов»?;7;9;6;5
MGS 5;Hard;10 дней;Сколько времени потребуется, чтобы добраться от Кипра до Афганистана?;10 дней;7 дней;9 дней;11 дней
MGS 5;Hard;11 марта 1984 года;Когда Молчунья (Quiet) появилась на Кипре, чтобы убить Веном Снейка?;11 марта 1984 года;21 марта 1984 года;18 марта 1984 года;25 марта 1984 года
MGS 5;Hard;5;На протяжении всей истории можно было слушать записи из дневника Паз на пленках. Сколько кассет существовало с этими записями?;5;3;4;6
MGS 5;Hard;она душила Веном Снейка;Что случилось после того, как Молчунья (Quiet) метнула нож на Измаила?;она душила Веном Снейка;она целилась в Веном Снейка со своим пистолетом;она душила Измаила;она перезарядила свой пистолет