MGS 1;Hard;2005;In welchem Jahr fand der Shadow Moses Zwischenfall statt?;2005;2002;1998;2007
MGS 1;Normal; Frank Jaeger;Cyborg Ninja ist in Wahrheit...?; Frank Jaeger;Jack Hunter;Frank Hunter;Donald Anderson
MGS 1;Normal;Kurdisch;Was war Sniper Wolf's Volkszugehörigkeit?;Kurdisch;Arabisch;Iranisch;Irakisch
MGS 1;Normal;Lungenschuss;Sniper Wolf sagt, es macht keinen Sinn sie zu retten, weil sie eine tödliche Verletzung hat. Welche?;Lungenschuss;Bauchschuss;Schuss ins Herz;Kopfschuss
MGS 1;Normal;Les Enfants Terribles;Snake und Liquid sind Klone des legendären Soldaten Big Boss. Wie war der Name dieses Projekts?;Les Enfants Terribles;Söhne der Freiheit;Operation: Snake Eater;nackte Sünde
MGS 1;Hard;David;Wie ist Solid Snake's richtiger Name?;David;John;Jack;Eli
MGS 1;Normal;Hideo Kojima;Wer ist der Schöpfer der "Metal Gear" Saga?;Hideo Kojima;David Hayter;Yoji Shinkawa;Akio Ôtsuka
MGS 1;Normal;Söhne von Big Boss;Wie nennen sich die Terroristen?;Söhne von Big Boss;Dead Cell;Patrioten;Rebellen
MGS 1;Hard;Simulierte Soldaten;Wie sollte man, laut Roy Campbell, Soldaten der Spezialeinheit der nächsten Generation nennen?;Simulierte Soldaten;Unbekannte Soldaten;Söldner;Cyber Soldaten
MGS 1;Hard;Keine Waffen;Zu Beginn des Spiels hat Snake  ...?;Keine Waffen;eine FAMAS;eine Socom Pistole;eine Mk 22
MGS 1;Normal;Solid Snake;Wer ist die Hauptfigur in "Metal Gear Solid"?;Solid Snake;Raiden;Liquid Snake;Big Boss
MGS 1;Normal;Kazuhira "Kaz" Miller;Wie heißt Master Miller wirklich?;Kazuhira "Kaz" Miller;Johnny Sasaki;Donald Anderson;Gray Fox
MGS 1;Normal;Tochter;Wie ist Meryl Silverburgh mit Roy Campbell verwandt?;Tochter;Nichte;Sie sind nicht verwandt;Schwester
MGS 1;Hard;3. September 1998;Wann wurde das Spiel in Japan für die PlayStation 1 veröffentlicht?;3. September 1998;21. Oktober 1998;22. Februar 1999;4. Dezember 1998
MGS 1;Normal;Mei Ling;Wer speichert den Spielfortschritt?;Mei Ling;Nastasha Romanenko;Naomi Hunter;Roy Campbell
MGS 1;Hard;140.15;Wie ist Maryl's Codec Frequenz?;140.15;140.30;141.12;140.42
MGS 1;Hard;141.52;Wie ist Nastasha Romanenko's Codec Frequenz?;141.52;141.12;140.92;140.52
MGS 1;Hard;140.96;Wie ist Mei Ling's Codec Frequenz?;140.96;140.56;141.16;141.96
MGS 1;Hard;140.48;Wie ist Deepthroat's Codec Frequenz?;140.48;140.46;140.28;140.32
MGS 1;Hard;141.80;Wie ist Master Miller's Codec Frequenz?;141.80;141.12;140.85;140.15
MGS 1;Hard;141.12;Wie ist Otacon's Codec Frequenz?;141.12;141.02;141.21;141.52
MGS 1;Hard;Meryl Silverburgh;Codec Frequenz 140.15 wurde genutzt von?;Meryl Silverburgh;Otacon;Deepthroat;Nastasha Romanenko
MGS 1;Hard;Mei Ling;Codec Frequenz 140.96 wurde genutzt von?;Mei Ling;Master Miller;Roy Campbell & Naomi Hunter;Deepthroat
MGS 1;Hard;Roy Campbell & Naomi Hunter;Codec Frequenz 140.85 wurde genutzt von?;Roy Campbell & Naomi Hunter;Meryl Silverburgh;Master Miller;Otacon
MGS 1;Hard;Deepthroat;Codec Frequenz 140.48 wurde genutzt von?;Deepthroat;Meryl Silverburgh;Master Miller;Otacon
MGS 1;Normal;Meryl Silverburgh;Wessen Codec-Frequenz wurde auf der Rückseite der CD-Hülle abgedruckt?;Meryl Silverburgh;Master Miller;Deep Throat;Otacon
MGS 1;Hard;7;Wie viele Codec Frequenzen wurden in im Spiel genutzt?;7;5;8;10
MGS 1;Normal;David Hater;Wer ist der englische Sprecher von Solid Snake?;David Hater;Cam Clarke;Christopher Randolph;Patric Zimmerman
MGS 1;Normal;Akio Ôtsuka;Wer ist der japanische Sprecher von Solid Snake?;Akio Ôtsuka;Banjô Ginga;Hideyuki Tanaka;Takeshi Aono
MGS 1;Hard;Jennifer Hale;Wer ist die englische Sprecherin von Naomi Hunter?;Jennifer Hale;Debi Mae West;Kim Mai Guest;Tasia Valenza
MGS 1;Hard;Christopher Randolph;Wer ist der englische Sprecher von Hal Emmerich?;Christopher Randolph;Paul Eiding;Greg Eagles;Peter Lurie
MGS 1;Hard;Meryl Silverburgh;Debi Mae West ist die englische Sprecherin von…?;Meryl Silverburgh;Sniper Wolf;Mei Ling;Naomi Hunter
MGS 1;Hard;Roy Campbell;Paul Eiding ist der englische Sprecher von…?;Roy Campbell;Donald Anderson;Gray Fox;Vulcan Raven
MGS 1;Hard;Doug Stone;Wer ist der englische Sprecher von Psycho Mantis?;Doug Stone;Peter Lurie;Dean Scofield;John Cygan
MGS 1;Hard;Tasia Valenza;Wer ist die englische Sprecherin von Sniper Wolf?;Tasia Valenza;Kim Mai Guest;Jennifer Hale;Debi Mae West
MGS 1;Normal;eine Heilmassage erhalten;Nach der Folter wird Snake in eine Gefängniszelle gesperrt. Warum wurde er gebeten, den PlayStation-Controller an seinen Unterarm zu halten?;eine Heilmassage erhalten;um ihn an die Folter zu erinnern;ihm einen Ausweg zeigen;um Johnny Sasaki abzulenken
MGS 1;Normal;mit Hilfe von Ketchup;Wie kann Snake, nach der Folter, aus der Gefängniszelle entkommen?;mit Hilfe von Ketchup;mit Hilfe einer Gabel;mit Hilfe eines Messers;mit Hilfe von Senf
MGS 1;Normal;Sniper Wolfs Taschentuch;Snake kann Angriffe von Wölfen verhindern indem er … benutzt.;Sniper Wolfs Taschentuch;Otacons Ausweis;Sniper Wolfs Waffe;Otacon's Schal
MGS 1;Normal;X-Taste;Welche Taste wurde beim PlayStation 1 Controller zum kriechen verwendet?;X-Taste;O-Taste;Quadrat-Taste;Dreieck-Taste
MGS 1;Normal;Quadrat-Taste;Welche Taste wurde beim PlayStation Controller zum Abfeuern einer Waffe verwendet?;Quadrat-Taste;X-Taste;Dreieck-Taste;O-Taste
MGS 1;Normal;Dreieck-Taste;Welche Taste wurde beim PlayStation Controller für die Egoperspektive verwendet?;Dreieck-Taste;X-Taste;Quadrat-Taste;O-Taste
MGS 1;Normal;Hochofen;PlayStation: Welches Gebiet befand sich nicht auf Disk 1 des Spiels?;Hochofen;Schneefeld;Nuke Building;Kommunikationstürme
MGS 1;Normal;Liquid eliminieren;Was war kein Ziel, das Snake, von Anfang an, verfolgen sollte?;Liquid eliminieren;einen nuklearen Start verhindern;Geiseln retten;terroristische Bedrohung beseitigen
MGS 1;Normal;Ration;Was konnte man, gleich zu Beginn, im Unterwasserbereich finden?;Ration;Granaten;Munition;Waffe
MGS 1;Normal;Ration;Im Dock-Bereich: Was konnte man in der Nähe des Gabelstaplers  finden?;Ration;Granaten;Munition;Blendgranate
MGS 1;Hard;Ration;Hubschrauberlandeplatz: Was konnte man in der Nähe des Aufzuges finden?;Ration;ID Schlüsselkarte;Munition;Blendgranate
MGS 1;Normal;Blendgranaten;Hubschrauberlandeplatz: Was befand sich im Lagerraum mit der Kamera?;Blendgranaten;Ration;Munition;Waffe
MGS 1;Hard;Socom Pistole;Hubschrauberlandeplatz: Was konnte man im Laster finden?;Socom Pistole;Ration;Munition;Karton A
MGS 1;Normal;Hubschrauberlandeplatz;Wo hat Snake die SOCOM-Pistole gefunden?;Hubschrauberlandeplatz;Dock Bereich;Panzerhangar;Zellenblock
MGS 1;Hard;Panzerhangar;Wo hat Snake das Infrarotsichtgerät gefunden?;Panzerhangar;Zellenblock;Hubschrauberlandeplatz;Waffenlager
MGS 1;Hard;Panzerhangar;Wo hat Snake Karton A gefunden?;Panzerhangar;Zellenblock;Hubschrauberlandeplatz;Waffenlager
MGS 1;Normal;Düppelgrante;Was befand sich in der Mitte des Heliports?;Düppelgrante;Blendgranate;Granate;Socom Pistole
MGS 1;Normal;Canyon;Deepthroat kontaktierte Snake zum ersten Mal im…?;Canyon;Waffenlager;Panzerhangar;Sprengkopflager
MGS 1;Hard;Canyon;Wo hat Snake die ID Sicherheitskarte der Stufe 3 gefunden?;Canyon;Waffenlager;Panzerhangar;Sprengkopflager
MGS 1;Normal;Ration;Was konnte man am Eingang des Sprengkopflagers an der Rampe zu deiner Linken finden?;Ration;Socom Schalldämpfer;Düppelgrante;ID Sicherheitskarte der Stufe 3
MGS 1;Hard;Sprengkopflager Geschoss B2;Wo konnte man das Nachtsichtgerät finden?;Sprengkopflager Geschoss B2;Sprengkopflager Geschoss B1;Waffenlager;Panzerhangar Obergeschoss
MGS 1;Normal;Cyborg Ninja;Der 3. Bosskampf war gegen?;Cyborg Ninja;Vulcan Raven;Sniper Wolf;Psycho Mantis
MGS 1;Normal;man musste den Controller umstecken;Was war das Besondere am Kampf gegen Psycho Mantis?;man musste den Controller umstecken;er benutzte einen Tarnanzug;er benutzte Meryl als menschlichen Schild;man musste ohne Waffe kämpfen
MGS 1;Hard;Waffenlager;PSG1 Scharfschützengewehr finden Sie in?;Waffenlager;Sprengkopflager Geschoss B2;Sprengkopflager Geschoss B1;im Höhlensystem
MGS 1;Normal;Sniper Wolf;Der 5. Bosskampf war gegen?;Sniper Wolf;Liquid im Hind D Hubschrauber;Psycho Mantis;Cyborg Ninja
MGS 1;Hard;Panzerhangar Geschoss B1;Der Folterraum war im?;Panzerhangar Geschoss B1;Panzerhangar Geschoss B2;Sprengkopflager Geschoss B2;Sendeturm
MGS 1;Normal;es gab keine Option zum Fortfahren;Was war so besonders an der Folterszene?;es gab keine Option zum Fortfahren;es gab keine Möglichkeit zu verlieren;man konnte es überspringen;Snake musste aufgeben, um die Folter zu beenden
MGS 1;Hard;Sniper Wolf;Der 7. Bosskampf war gegen?;Sniper Wolf;Hind D;Psycho Mantis;Vulcan Raven
MGS 1;Hard;Vulcan Raven;Gegen wen musste Snake im 8. Bosskampf bestehen?;Vulcan Raven;Sniper Wolf;Metal Gear Rex;Hind D
MGS 1;Hard;Otacon;Von wem erhielt Snake die ID Sicherheitskarte der Stufe 6?;Otacon;Sniper Wolf;Psycho Mantis;Meryl
MGS 1;Hard;Vulcan Raven;Von wem erhielt Snake die ID Sicherheitskarte der Stufe 7?;Vulcan Raven;Sniper Wolf;Otacon;Meryl
MGS 1;Hard;Sprengkopflager Geschoss B1;Wo konnte man Karton B finden?;Sprengkopflager Geschoss B1;Sprengkopflager Geschoss B2;im Schneefeld;im Höhlensystem
MGS 1;Hard;während der Folter aufgeben;Wie konnte man einen Tarnanzug erhalten?;während der Folter aufgeben;das Spiel auf einem harten Schwierigkeitsgrad abschließen;das Spiel innerhalb einer bestimmten Zeit auf hartem Schwierigkeitsgrad abschließen;der Folter auf einem harten Schwierigkeitsgrad widerstehen
MGS 1;Hard;C4;Waffenlager: Was befand sich im Lagerraum der Sicherheitsstufe 1?;C4;Nikita;Düppelgrante;FAMAS
MGS 1;Normal;Raum wurde mit Gas gefüllt;Was geschah nachdem Snake die PAL-Karte zum dritten Mal verwendet hat?;Raum wurde mit Gas gefüllt;Ocelot versuchte Snake zu attakieren;Naomi enthüllte, dass sie Snake mit FOXDIE infiziert hatte;Roy Campbell enthüllte, dass Meryl seine Tochter ist
MGS 1;Normal;Psycho Mantis;Gegen wen musste Snake im 4. Bosskampf bestehen?;Psycho Mantis;Vulcan Raven;Sniper Wolf;Liquid im Hind D Hubschrauber
MGS 1;Normal;Colt SAA Revolver;Welche Waffe hat Ocelot im Bosskampf gegen Snake benutzt?;Colt SAA Revolver;Glock 18;Skorpion;FAMAS
MGS 1;Normal;Meryl;An einem bestimmten Punkt im Spiel sagte jemand: "Ich bin NICHT grün" Wer hat diese Worte gesagt?;Meryl;Solid Snake;Liquid Snake;Otacon
MGS 1;Normal;3 Mal;Auf dem Weg zum Kommunikationsturm mit Snake wurde Meryl angeschossen. Wie oft wurde sie getroffen?;3 Mal;2 Mal;4 Mal;1 Mal
MGS 1;Normal;2 Wachen;Im Dock Bereich: Wie viele Wachen haben in diesem Areal patrouilliert, bevor eine weitere herunterkam?;2 Wachen;1 Wache;3 Wachen;4 Wachen
MGS 1;Hard;Sendeturm;Wo konnte man den Stinger Raketenwerfer finden?;Sendeturm;Schneefeld;Sprengkopflager;Waffenlager
MGS 2;Hard;19. November 2001;Wann wurde das Spiel für die PlayStation 2 in Japan veröffentlicht?;19. November 2001;13. November 2001;16. Dezember 2002;3. Februar 2002
MGS 2;Hard;23. November 2011;Wann wurde die HD-Edition in Japan für die PlayStation 3 veröffentlicht?;23. November 2011;13. November 2011;28. März 2012;3. Februar 2012
MGS 2;Hard;5;Wie viele Sicherheitsstufen gibt es im Spiel?;5;4;6;7
MGS 2;Hard;USS Discovery;Wie war der Name des Tankers?;USS Discovery;USS Voyager;USS Missouri;USS Patriot
MGS 2;Normal;2;Wie viele Jahre vergingen zwischen dem Tanker- und dem Big Shell-Zwischenfall?;2;1;4;5
MGS 2;Hard;2009;In welchem Jahr fand der Big Shell-Vorfall statt?;2009;2007;2003;2005
MGS 2;Normal;1;Wie viele Bosskämpfe gibt es auf dem Tanker?;1;2;3;4
MGS 2;Hard;um herauszufinden, wohin der Tanker unterwegs ist;Weshalb hat Otacon Snake beauftragt, zuerst die Tankerbrücke aufzusuchen?;um herauszufinden, wohin der Tanker unterwegs ist;um die Karte des Tankers zu erhalten;um herauszufinden, wer der Kapitän des Tankers ist;um den Standort des Metal Gears herauszufinden
MGS 2;Normal;Hier ist Snake;Was war das Erste, was Snake auf dem Tanker sagte?;Hier ist Snake;Es ist ziemlich nass hier draußen;Beginne Operation Sons of Liberty;Hab dich warten lassen, was? (Kept you waiting, huh?)
MGS 2;Normal;George Sears;Solidus Snake ist auch bekannt unter dem Namen ...?;George Sears;Richard Ames;Pliskin;Peter Stillman
MGS 2;Normal;Jack;Wie ist Raiden's richtiger Name?;Jack;David;John;Roy
MGS 2;Hard; Quinton Flynn;Wer ist der englische Sprecher von Raiden?; Quinton Flynn;David Hater;Patric Zimmerman;John Cygan
MGS 2;Normal;man kann sie nicht besiegen;Wie kann man Fortune besiegen?;man kann sie nicht besiegen;mit Granaten;durch die Verwendung von Betäubungsmunition;mit dem Scharfschützengewehr PSG 1
MGS 2;Normal;Olga Gurlukovich;Cyborg Ninja a.k.a. Mr. X ist niemand anderes als?;Olga Gurlukovich;Solid Snake;Solidus Snake;Pliskin
MGS 2;Normal;Extreme;Auf welchem Schwierigkeitsgrad kann man eine Erkennungsmarke von Hideo Kojima bekommen?;Extreme;Very Easy;Normal;Hard
MGS 2;Normal;2;Wie viele Hauptkerne umfasst Big Shell?;2;4;6;8
MGS 2;Normal;Can't Say Goodbye to Yesterday;Wie hieß das Abschlusslied?;Can't Say Goodbye to Yesterday;Here's to you;The Best Is Yet to Come;Who Am I Really?
MGS 2;Hard;Olga Gurlokovich;Wer ist kein Mitglied von Dead Cell?;Olga Gurlokovich;Old Boy;Vamp;Fortune
MGS 2;Normal;Philanthropy;Wie hieß die Organisation, die Snake und Otacon gegründet haben?;Philanthropy;Dead Cell;Patriots;Sons of Liberty
MGS 2;Normal;Metal Gear Ray;Wie heißt der Metal Gear von dem man Fotos machen muss?;Metal Gear Ray;Metal Gear ZEKE;Metal Gear Arsenal;Metal Gear Rex
MGS 2;Hard;Extreme;Welcher Schwierigkeitsgrad wurde nach Abschluss des Spiels freigeschaltet?;Extreme;Hard;Very Easy;Hard Big Boss
MGS 2;Normal;5;Wie viele Schwierigkeitsstufen gibt es?;5;2;4;7
MGS 2;Normal;Big Boss Extreme;Welchen Schwierigkeitsgrad gibt es nicht?;Big Boss Extreme;Very Easy;Normal;Hard
MGS 2;Hard;141.51;Wie lautet die Codec-Frequenz von Emma Emmerich?;141.51;140.85;141.12;140.96
MGS 2;Hard;140.85;Wie lautet die Codec-Frequenz von Colonel Campbell?;140.85;141.85;141.12;140.96
MGS 2;Hard;141.12;Wie lautet die Codec-Frequenz von Otacon?;141.12;140.85;141.52;141.96
MGS 2;Hard;140.96;Wie lautet die Codec-Frequenz von Rosemary?;140.96;140.85;141.52;140.36
MGS 2;Hard;141.80;Wie lautet die Codec-Frequenz von Snake?;141.80;140.85;139.90;142.30
MGS 2;Normal;Rosemary;Die Codec Frequenz 140.96 wurde verwendet von?;Rosemary;Emma;Pliskin;Colonel Campbell
MGS 2;Normal;Rosemary;Im Big Shell Kapitel: Wer speichert den Spielfortschritt?;Rosemary;Emma;Otacon;Campbell
MGS 2;Normal;Solidus;Wer ist der Endgegner?;Solidus;Vamp;Fatman;Metal Gear Ray
MGS 2;Normal;erstochen;Wie wurde Emma getötet?;erstochen;erschossen;vergiftet;ertränkt
MGS 2;Hard;Fortune;Wer ist der Anführer von Dead Cell?;Fortune;Fatman;Vamp;Peter Stillman
MGS 2;Hard;Mk. 22;Normaler Schwierigkeitsgrad: Was gehört nicht zur Ausrüstung zu Beginn des Spiels?;Mk. 22;M9;Zigaretten;Kamera
MGS 2;Hard;Messer;Normaler Schwierigkeitsgrad: Was gehört nicht zur Ausrüstung zu Beginn des Spiels?;Messer;Zigaretten;AP Sensor;Kamera
MGS 2;Hard;Ration;Deck A, Crew's Lounge: Was kann man in der Nähe des Fernsehbildschirms finden?;Ration;Düppelgranten;Munition;Granaten
MGS 2;Hard;Deck D;Karton 1 ist zu finden auf ...?;Deck D;Deck B;Deck C;Deck E
MGS 2;Hard;Deck F;Welches Deck gibt es nicht auf dem Tanker?;Deck F;Deck D;Deck C;Deck E
MGS 2;Hard;Navigationsdeck;Tanker: Infrarotsichtgerät ist zu finden auf ...?;Navigationsdeck;Deck D;Deck C;Deck E
MGS 2;Normal;4;Wie viele Bilder musste man von Metal Gear machen?;4;2;3;5
MGS 2;Normal;mobile Kamera;Was ist Cypher?;mobile Kamera;ein Codename für Ocelot;ein Codename für Metal Gear;ein Satellit
MGS 2;Normal;Hudson River;Auf welchem Fluss segelte der Tanker?;Hudson River;Missouri River;Green River;East River
MGS 2;Normal;zum hocken;X-Taste am Controller wurde verwendet ...?;zum hocken;zum schlagen;zum abfeuern einer Waffe;als Aktionstaste
MGS 2;Normal;Rasierer;Was konnte man im Big Shell-Kapitel finden?;Rasierer;Schere;Kamm;Spiegel
MGS 2;Hard;von Stillman;Von wem erhält Raiden die Sicherheitskarte der Stufe 1?;von Stillman;von Pliskin;von Snake;von Fatman
MGS 2;Hard;Strebe A;Karton 1 ist zu finden auf ...?;Strebe A;Strebe C;Strebe D;Strebe F
MGS 2;Hard;Strebe F;Minendetektor ist zu finden auf ...?;Strebe F;Strebe C;Strebe D;Strebe E
MGS 2;Hard;Strebe F;Karton 2 ist zu finden auf ...?;Strebe F;Strebe A;Strebe D;Strebe E
MGS 2;Hard;von Mr. X;Von wem erhält Raiden die Sicherheitskarte der Stufe 2?;von Mr. X;von Fatman;von Snake;von Peter Stillman
MGS 2;Normal;Snatcher;Welches Poster ist in MGS 2 nicht zu finden?;Snatcher;Policenauts;Zone of the Enders;Metal Gear Spiel
MGS 2;Hard;von Ames;Von wem erhält Raiden die Sicherheitskarte der Stufe 3?;von Ames;von Pliskin;von Fatman;von Mr. X
MGS 2;Hard;von Präsidenten;Von wem erhält Raiden die Sicherheitskarte der Stufe 4?;von Präsidenten;von Ames;von Pliskin;von Mr. X
MGS 2;Hard;von Präsidenten;Von wem erhält Raiden die MO DISK?;von Präsidenten;von Pliskin;von Emma;von Otacon
MGS 2;Hard;von Emma;Von wem erhält Raiden die Sicherheitskarte der Stufe 5?;von Emma;von President;von Ames;von Pliskin
MGS 2;Normal;George Washington Bridge;Zu Beginn des Spiels springt Snake von einer Brücke um auf den Tanker zu kommen. Von welcher Brücke?;George Washington Bridge;Golden Gate Bridge;Rainbow Bridge;Millennium Bridge
MGS 2;Normal;GRU Oberst;Olgas Vater war ein;GRU Oberst;bekannter Terrorist;Mitglied des russischen Parlaments;Wissenschaftler
MGS 2;Normal;300;Raiden behauptete, dass er viele VR-Missionen abgeschlossen hatte. Wie viele genau?;300;400;500;600
MGS 2;Normal;6;Aus wie vielen Streben besteht jeder Kern?;6;2;4;8
MGS 2;Normal;Bombenexperte;Wer war Peter Stillman?;Bombenexperte;Scharfschütze;Dead Cell Mitglied;CIA-Agent
MGS 2;Hard;Strebe C;Wo sollte Raiden Peter Stillman treffen?;Strebe C;Strebe B;Strebe D;Strebe E
MGS 2;Normal;er schläft;Was passiert, wenn man Pliskin wenige Augenblicke nach dem ersten Treffen anruft?;er schläft;er spielt PSP;er reagiert nicht;er kämpft gegen Vamp
MGS 2;Hard;President Johnson;Paul Lukather war der englische Sprecher von?;President Johnson;Solidus Snake;Ocelot;Sergej Gurlukovich
MGS 2;Normal;sag Emma zu mir;Als Emma im Begriff war zu sterben, bat sie Otacon um einen letzten Gefallen. Um welchen?;sag Emma zu mir;Küss mich;zerstöre GW;vergiss mich nicht
MGS 2;Hard;Varrazzano-Brücke;Gleich zu Beginn des Big Shell-Kapitels war eine Brücke zu sehen. Welche Brücke?;Varrazzano-Brücke;George-Washington-Brücke;Brooklyn-Brücke;Manhatten-Brücke
MGS 2;Hard;Ocelot;Nach Snakes Landung auf dem Tanker. Wessen Stimme war zuerst zu hören?;Ocelot;Snake;Otacon;Raiden
MGS 2;Hard;hier ist nichts;Im Lager 1F gab es einen Wachposten, der regelmäßig einen Statusbericht gab. Was genau berichtete er?;hier ist nichts;keine Eindringlinge;alles ist ruhig;nichts zu berichten
MGS 2;Hard;Big Shell beherbergt ein neues Metal Gear Modell;Was hat der Ninja (Mr. X) genau Raiden verraten?;Big Shell beherbergt ein neues Metal Gear Modell;Snake starb nicht während des Tankerunfalls;Der wahre Anführer der Terroristen ist Ocelot;Dieser ganze Vorfall ist nur eine Simulation!
MGS 2;Hard;in der Federal Hall;Wo hatten sich Rose und Raiden zum ersten Mal getroffen?;in der Federal Hall;im Chrysler-Gebäude;im Empire State Building;im Metropolitan Museum
MGS 2;Normal;Metal Gear ist erschienen;Was geschah, nachdem der Harriet abgeschossen wurde?;Metal Gear ist erschienen;Fatman hat eine Strebe gesprengt;Fortune hat Raiden gerettet;Raiden sagte, er wolle ein Ninja werden
MGS 2;Normal;Snake hat es ihm gegeben;Wie kam Raiden an den Stinger-Raketenwerfer?;Snake hat es ihm gegeben;er fand ihn nach dem Kampf gegen Fatman;er hat ihn Ocelot gestohlen;er hatte ihn von Anfang an
MGS 2;Normal;Snake;Sobald man das PSG1-Scharfschützengewehr hatte, wer hat Raiden angerufen, um ihm weitere Anweisungen zu geben?;Snake;Colonel Campbell;Mr. X;Emma Emmerich
MGS 2;Normal;eine Liste mit Namen der Patrioten finden;Gegen Ende des Spiels sagte Solidus, dass die Inbesitznahme von Arsenal Gear nie das eigentliche Ziel war. Was war sein eigentliches Ziel?;eine Liste mit Namen der Patrioten finden;eine Atombombe über Manhattan abfeuern;die Ermordung von Präsident Johnson;Snake gefangen zu nehmen
MGS 2;Normal;auf seinen Herzschlag zu hören;Welchen Vorschlag machte Raiden an Emma, um ihre Gedanken vom Wasser abzulenken?;auf seinen Herzschlag zu hören;über Otacon nachdenken;sich schlafend zu stellen;zu überlegen, was sie zu Otacon sagen würde
MGS 3;Hard;16. Dezember 2004;Wann wurde die Snake Eater Version in Japan für die PlayStation 2 veröffentlicht?;16. Dezember 2004;17. November 2004;4. März 2004;17. März 2005
MGS 3;Hard;22. Dezember 2005;Wann wurde die Subsistence Version in Japan für die PlayStation 2 veröffentlicht?;22. Dezember 2005;14. März 2006;6. Oktober 2006;23. November 2005
MGS 3;Hard;23. November 2011;Wann wurde die HD-Edition von Subsistence in Japan für die PlayStation 3 veröffentlicht?;23. November 2011;16. Dezember 2011;28. März 2012;3. Februar 2012
MGS 3;Normal;vor MGS 1;Die Geschichte spielt …;vor MGS 1;nach MGS 1 und vor MGS 2;zwischen MGS 1 und MGS 4;nach Metal Gear 2 und vor MGS 1
MGS 3;Normal;PlayStation 2;Das Spiel wurde ursprünglich veröffentlicht für ...?;PlayStation 2;PlayStation 3;Nintendo GameCube;XBOX
MGS 3;Hard;1964;Die Geschichte spielt im Jahr ...?;1964;1962;1965;1967
MGS 3;Normal;Naked Snake;Wie war der Codename von Snake?;Naked Snake;The Boss;Big Boss;Solid Snake
MGS 3;Normal;Sokolov;Wen musste Snake von den Sowjets retten?;Sokolov;Adam;Eva;The Boss
MGS 3;Normal;Major Tom;Unter welchem Namen ist Major Zero noch bekannt?;Major Tom;Sigint;Cipher;Major Campbell
MGS 3;Hard;Jim Piddock;Wer ist der englische Sprecher von Major Zero?;Jim Piddock;James C. Mathis;Neil Ross;J. Grant Albrecht
MGS 3;Hard;Heather Halley;Wer ist die englische Sprecherin von Para-Medic?;Heather Halley;Lori Alan;Suzetta Miñet;Tara Strong
MGS 3;Hard;Lori Alan;Wer ist die englische Sprecherin von The Boss?;Lori Alan;Tara Strong;Jennifer Hale;Suzetta Miñet
MGS 3;Hard;Colonel Volgin;Neil Ross war der englische Sprecher von?;Colonel Volgin;Sokolov;Ocelot;The End
MGS 3;Hard;The Fear;Michael Bell war der englische Sprecher von?;The Fear;The Pain;Colonel Volgin;The Sorrow
MGS 3;Hard;The Fury;Richard Doyle war der englische Sprecher von?;The Fury;Major Raikov;Sokolov;The Sorrow
MGS 3;Hard;Para-Medic;Houko Kuwashima war die japanische Sprecherin von?;Para-Medic;Eva;The Boss;Major Raikov
MGS 3;Normal;Ocelot;Wer ist kein Mitglied der Cobra Einheit?;Ocelot;Sorrow;Fury;End
MGS 3;Normal;The Sorrow;Wer ist ein Mitglied der Cobra Einheit?;The Sorrow;Volgin;Ocelot;Eva
MGS 3;Normal;kann Hornissen kontrollieren;The Pain …;kann Hornissen kontrollieren;ist ein entstellter ehemaliger Kosmonaut;ist übernatürlich flexibel und beweglich;ist ein erfahrener Scharfschütze
MGS 3;Normal;ist ein erfahrener Scharfschütze;The End …;ist ein erfahrener Scharfschütze;ist der Geist eines verstorbenen Mediums;ist ein entstellter ehemaliger Kosmonaut;ist der Kommandeur der Cobra Einheit
MGS 3;Normal;Virtuous Mission;Wie lautete der Name der ersten Mission?;Virtuous Mission;Operation Snake Eater;La-Li-Lu-Le-Lo;Über den Zaun
MGS 3;Normal;The Boss;Wer hat Snake von der Brücke geworfen?;The Boss;Oberst Volgin;Ocelot;die Cobra Einheit
MGS 3;Normal;einen Blitz;Oberst Volgin wurde getötet durch …?;einen Blitz;eine Rakete;einen Luftangriff;eine Kugel
MGS 3;Normal;von The Boss;Von wem hat Snake den Mikrofilm mit dem Ort des Vermächtnisses der Philosophen erhalten?;von The Boss;von Volgin;von Ocelot;von Eva
MGS 3;Normal;Sehr Schwer;Welchen Schwierigkeitsgrad gibt es im Spiel nicht?;Sehr Schwer;Sehr Einfach;Normal;Schwer
MGS 3;Normal;John Doe;Zu Beginn des Spiel hat Para-Medic Snake nach seinem Namen gefragt. Welchen Namen hat er gesagt?;John Doe;Richard Roe;John Stiles;David Hayter
MGS 3;Normal;Ich spiele zum ersten Mal MGS 3!;Zu Beginn des Spiels: Welche Option war in Snake Eater auf PlayStation 2 nicht verfügbar?;Ich spiele zum ersten Mal MGS 3!;Mir gefällt MGS 1;Mir gefällt MGS 2;Ich spiele zum ersten Mal MGS!
MGS 3;Normal;Para-Medic;Wer speichert den Spielfortschritt?;Para-Medic;Major Zero;Sigint;Eva
MGS 3;Normal;140.96;Welche Frequenz wurde zum Speichern des Spielfortschritts benutzt?;140.96;143.97;140.85;145.73
MGS 3;Hard;145.73;Welche Frequenz hat Para-Medic benutzt?;145.73;140.85;148.41;142.52
MGS 3;Hard;142.52;Welche Frequenz hat EVA benutzt?;142.52;148.41;143.97;140.96
MGS 3;Hard;140.85;Welche Frequenz hat Major Zero benutzt?;140.85;145.73;142.52;148.41
MGS 3;Hard;EVA;Frequenz 142.52 wurde benutzt von?;EVA;Major Zero;Para-Medic;The Boss
MGS 3;Hard;Para-Medic;Frequenz 145.73 wurde benutzt von?;Para-Medic;Major Zero;The Boss;Sigint
MGS 3;Hard;The Boss;Frequenz 141.80 wurde benutzt von?;The Boss;Eva;Para-Medic;Major Zero
MGS 3;Normal;Way To Fall;Wie hieß das Abschlusslied von MGS 3?;Way To Fall;Can't Say Goodbye to Yersterday;Calling to the Night;It Has to be This Way
MGS 3;Normal;Cynthia Harrell;Wer hat das Lied Snake Eater gesungen?;Cynthia Harrell;Starsailor;Lisbeth Scott;Donna Burke
MGS 3;Hard;Starsailor;Das Lied "Way To Fall" wurde gesungen von?;Starsailor;Harry Gregson-Williams;Logan Mader;Rhamlee Davis
MGS 3;Hard;144.75;Wie ist die Frequenz um aus der Zelle zu entkommen?;144.75;147.30;145.30;148.41
MGS 3;Hard;64;Wie viele Kerotans gibt es im Spiel?;64;68;62;70
MGS 3;Hard;28;Wie alt ist EVA während dieser Vorkommnisse?;28;26;30;25
MGS 3;Hard;28;Wie alt ist Para-Medic während dieser Vorkommnisse?;28;26;30;32
MGS 3;Hard;55;Wie alt ist Zero während dieser Vorkommnisse?;55;58;60;53
MGS 3;Hard;42;Wie alt ist The Boss während dieser Vorkommnisse?;42;40;44;46
MGS 3;Hard;20;Wie alt ist Ocelot während dieser Vorkommnisse?;20;24;29;32
MGS 3;Normal;Tatyana;Unter welchem Namen war EVA noch bekannt?;Tatyana;Voyevoda;Olga;Nastascha
MGS 3;Hard;1960;Wann ist EVA zur Sowjet Union übergelaufen?;1960;1962;1959;1964
MGS 3;Normal;The Fear;Tarnuniform Spinne wurde verwendet von?;The Fear;The Fury;The End;The Pain
MGS 3;Normal;alle Kerotans abschießen;Wie kann man die Stealth-Tarnung erhalten?;alle Kerotans abschießen;Spiel beenden ohne jemanden zu töten;über 100 mal ein Alarm auslösen;alle Gesichtsbemahlungen / Uniformen sammeln
MGS 3;Hard;Yevgeny;Wie ist Oberst Volgins Vorname?;Yevgeny;Ivan;Boris;Nikolai
MGS 3;Hard;45;Welches Kaliber hat EVAs Waffe?;45;22;9;38
MGS 3;Hard;Typ 17 Mauser;Welche Waffe hat EVA benutzt?;Typ 17 Mauser;Makarov Pistole;M1911A1;Thompson M1928A1
MGS 3;Hard;Rokovoj Bereg;Wie war der Name des Ortes an dem man gegen The Boss zum letzten mal Gekämpft hat?;Rokovoj Bereg;Lazorevo;Groznyj Grad;Tikhogornyj
MGS 3;Normal;Patriot;Welche Waffe erhält man nach Abschluss des Spiels?;Patriot;M4;Mk 22;EZ Gun
MGS 3;Normal;6;Wie viele Mitglieder hatte die Cobra-Einheit?;6;5;4;7
MGS 3;Hard;EZ Gun;Welche Waffe wurde von Sigint entworfen?;EZ Gun;M1911A1;Typ 19 Mauser;XM16E1
MGS 3;Normal;The End;Welchen Bosskampf kann man überspringen?;The End;Oberst Volgin;Ocelot;The Fear
MGS 3;Normal;Virtual Mission;Wie hat Snake die Virtuous Mission versehentlich während des Briefings genannt?;Virtual Mission;Simulated Mission;Visual Mission;Abandoned Mission
MGS 3;Normal;The Pain, The Fear, The End, The Fury, The Sorrow, The Boss;In welcher Reihenfolge hat man gegen die Cobra-Einheit gekämpft?;The Pain, The Fear, The End, The Fury, The Sorrow, The Boss;The Pain, The Fury, The Fear, The End, The Sorrow, The Boss;The Pain, The Fear, The Sorrow, The End, The Fury, The Boss;The Pain, The Fear, The Fury, The End, The Sorrow, The Boss
MGS 3;Normal;The Boss;I'm loyal... to the end. To my purpose. - Wessen Worte waren das?;The Boss;Snake;Ocelot;Eva
MGS 3;Normal;The Boss;So etwas wie Glück gibt es nicht auf dem Schlachtfeld! - Wessen Worte waren das?;The Boss;Volgin;Snake;Eva
MGS 3;Normal;The Fury;Die Flammen meiner Wut werden dich verbrennen! - Wessen Worte waren das?;The Fury;Volgin;Ocelot;The Pain
MGS 3;Normal;Patriot;Welche Waffe benutzte The Boss?;Patriot;SAA;Mk. 22;Makarov APS
MGS 3;Normal;Instant-Nudeln;Para-Medic bat Snake während eines Gesprächs, ihr ein Nahrungsmittel zurückzubringen, falls er es nicht essen würde. Von welchem Nahrungsmittel sprach sie?;Instant-Nudeln;Russische Ration;Russisches Kaninchen;Frucht A
MGS 3;Normal;John;Wie lautet richtiger Name von Naked Snake?;John;Jack;David;James
MGS 3;Normal;Jane Doe;Zu Beginn des Spiel hat Snake Para-Medic nach ihrem Namen gefragt. Welchen Namen hat sie gesagt?;Jane Doe;Jane Citizen;Sally Bloggs;Sally Smith
MGS 3;Normal;Pakistan;Über welchem Land ist das Flugzeug in den sowjetischen Luftraum geflogen?;Pakistan;China;Afghanistan;Indien
MGS 3;Hard;Dremuchij Nord;Wo traf Snake zum ersten Mal auf feindliche Soldaten?;Dremuchij Nord;Dremuchij Süd;Dolinovodno;Rassvet
MGS 3;Hard;Mosin-Nagant;Welche Waffe hat The End benutzt?;Mosin-Nagant;PSG 1;SVD;DSR 1
MGS 3;Hard;Boston;Wie lautet der Geburtsort von Para-Medic?;Boston;New York;Washington;Chicago
MGS 3;Hard;persönliche Gefühle gegenüber seinen Kameraden haben;Was ist laut The Boss eine der schlimmsten Sünden, die man je begehen könnte?;persönliche Gefühle gegenüber seinen Kameraden haben;immer auf der Suche nach einem Grund zum Kämpfen zu sein;selbst zu entscheiden, gegen wen man auf dem Schlachtfeld kämpft;gegen seine Kameraden zu kämpfen
MGS 3;Hard;ein politisches Werkzeug;Was genau ist laut The Boss ein Soldat?;ein politisches Werkzeug;jemand, der nach einem Grund zum Kämpfen sucht;jemand, der seine Befehle in Frage stellt;ein geborener Kämpfer
MGS 4;Hard;12. Juni 2008;Wann wurde das Spiel in Japan veröffentlicht?;12. Juni 2008;28. Juni 2008;1. Juni 2008;30. Juni 2008
MGS 4;Normal;PlayStation 3;Das Spiel wurde ursprünglich veröffentlicht für?;PlayStation 3;PlayStation 4;XBOX 360;GameCube
MGS 4;Hard;2014;Die Geschichte spielt im Jahr …?;2014;2008;2010;2012
MGS 4;Hard;9;Wie viele Jahre sind seit den Ereignissen von MGS 1 vergangen?;9;7;11;5
MGS 4;Normal;Old Snake;Snake wurde bezeichnet als …?;Old Snake;Naked Snake;Venom Snake;Dying Snake
MGS 4;Normal;Raketenwerfer benutzen;Welche dieser Methoden hat die Psyche-Anzeige nicht wiederhergestellt?;Raketenwerfer benutzen;rauchen;trinken;ein Erwachsenenmagazin lesen
MGS 4;Normal;SOP-System;Aktivitäten der PMCs werden kontrolliert von?;SOP-System;Privatunternehmen;Regierungen;B & B Einheit
MGS 4;Normal;Laughing Octopus;Gegen welches Mitglied der B&B Einheit musste Snake im 1 Bosskampf bestehen?;Laughing Octopus;Raging Raven;Crying Wolf;Screaming Mantis
MGS 4;Normal;Raging Raven;Gegen welches Mitglied der B&B Einheit musste Snake im 2 Bosskampf bestehen?;Raging Raven;Laughing Octopus;Crying Wolf;Screaming Mantis
MGS 4;Normal;Laughing Octopus besiegen;Wie konnte man die Gesichtstarnung (FaceCamo) erhalten?;Laughing Octopus besiegen;Screaming Mantis besiegen;Spiel auf dem Schwierigkeitsgrad "Hart" abschließen;das Spiel in unter 4 Std. abschließen
MGS 4;Normal;E3 2005;Das Spiel wurde öffentlich angekündigt während der?;E3 2005;E3 2006;TGS 2005;TGS 2006
MGS 4;Hard;Jackie Presti;Das Lied "Love Theme" wurde gesunden von?;Jackie Presti;Lisbeth Scott;Donna Burke;Cynthia Harrell
MGS 4;Hard;Here's to You;Wie heißt das Lied am Ende des Spiels?;Here's to You;Love Theme;The Best is Yet to Come;Can't Say Goodbye to Yesterday
MGS 4;Hard;2012;In welchem Jahr wurde die Unterstützung der Trophähen hinzugefügt?;2012;2013;2011;2010
MGS 4;Hard;Jennifer Hale;Wer ist die englische Synchronsprecherin von Naomi Hunter?;Jennifer Hale;Debi Mae West;Cristina Pucelli;Lee Meriwether
MGS 4;Hard;Hiromi Tsuru;Wer ist die japanische Synchronsprecherin von Naomi Hunter?;Hiromi Tsuru;Houko Kuwashima;Kyoko Terase;Kikuko Inoue
MGS 4;Hard;Kim Mai Guest;Wer ist die englische Synchronsprecherin von Mei Ling?;Kim Mai Guest;Lara Cody;Lee Meriwether;Debi Mae West
MGS 4;Hard;Houko Kuwashima;Wer ist die japanische Synchronsprecherin von Mei Ling?;Houko Kuwashima;Kyoko Terase;Kikuko Inoue;Yasuyo Nabeshima
MGS 4;Hard;Cristina Pucelli;Wer ist die englische Synchronsprecherin von Sunny?;Cristina Pucelli;Lee Meriwether;Renee Raudman;Julie Monroe
MGS 4;Hard;Lara Cody;Wer ist die englische Synchronsprecherin von Rosemary?;Lara Cody;Renee Raudman;Tasia Valenza;Lee Meriwether
MGS 4;Hard;Debi Mae West;Wer ist die englische Synchronsprecherin von Meryl Silverburgh?;Debi Mae West;Tasia Valenza;Vanessa Marshall;Jennifer Hale
MGS 4;Hard;Kyoko Terase;Wer ist die japanische Synchronsprecherin von Meryl Silverburgh?;Kyoko Terase;Naoko Nakamura;Houko Kuwashima;Hiromi Tsuru
MGS 4;Hard;Fred Tatasciore;Wer ist die englische Synchronsprecherin von Screaming Mantis (Beast)?;Fred Tatasciore;Maura Gale;Earl Boen;Nancy Linari
MGS 4;Normal;Christopher Randolph;Wer ist der englische Synchronsprecher von Hal Emmerich?;Christopher Randolph;Patric Zimmerman;David Hayter;Harry Gregson-Williams
MGS 4;Hard;Hideyuki Tanaka;Wer ist der japanische Synchronsprecher von Hal Emmerich?;Hideyuki Tanaka;Takeshi Aono;Yuzuru Fujimoto;Keiji Fujiwara
MGS 4;Hard;Banjō Ginga;Wer ist der japanische Synchronsprecher von Liquid Ocelot?;Banjō Ginga;Hideyuki Tanaka;Takeshi Aono;Ken'yū Horiuchi
MGS 4;Normal;Akio Ōtsuka;Wer ist der japanische Synchronsprecher von Solid Snake?;Akio Ōtsuka;Hideo Kojima;Yoji Shinkawa;David Hayter
MGS 4;Normal;Quinton Flynn;Wer ist der englische Synchronsprecher von Raiden?;Quinton Flynn;David Hayter;Yoji Shinkawa;Harry Gregson-Williams
MGS 4;Hard;Ken'yū Horiuchi;Wer ist der japanische Synchronsprecher von Raiden?;Ken'yū Horiuchi;Takeshi Aono;Banjō Ginga;Hideyuki Tanaka
MGS 4;Hard;Beng Spies;Wer ist der englische Synchronsprecher von Johnny (Akiba)?;Beng Spies;Phil LaMarr;Earl Boen;Paul Eiding
MGS 4;Hard;James Sie;Wer ist der englische Synchronsprecher von Jonathan?;James Sie;Khary Payton;Richard Doyle;Bob Joles
MGS 4;Normal;Phil LaMarr;Wer ist der englische Synchronsprecher von Vamp?;Phil LaMarr;Dave Fennoy;Patric Zimmerman;Bob Joles
MGS 4;Hard;141.12;Wie ist Otacon's Codec  Frequenz?;141.12;141.80;141.52;140.96
MGS 4;Hard;147.79;wie ist Rosemary's Codec  Frequenz?;147.79;141.80;142.52;145.73
MGS 4;Normal;140.85;Wie ist Campbell's Codec  Frequenz?;140.85;148.93;141.20;144.80
MGS 4;Normal;140.15;Wie ist Maryl's Codec  Frequenz?;140.15;141.85;148.93;147.79
MGS 4;Hard;Drebin;Von wem wurde die Codec Frequenz 148.93 benutzt?;Drebin;Raiden;Rosemary;Otacon
MGS 4;Hard;Raiden;Von wem wurde die Codec Frequenz 141.80 benutzt?;Raiden;Otacon;Meryl;Rosemary
MGS 4;Normal;Drebin;Wen kann man per Codec nicht kontaktieren?;Drebin;Rosemary;Colonel Campbell;Otacon
MGS 4;Normal;Raiden;Wen kann man per Codec nicht kontaktieren?;Raiden;Rosemary;Colonel Campbell;Otacon
MGS 4;Hard;Penguin Adventure;Während des Briefings von Akt 2 spielt Sunny ein PSP-Spiel. Welches?;Penguin Adventure;Metal Gear 1;Metal Gear 2;Policenauts
MGS 4;Normal;nach MGS 2;Die Geschichte spielt …?;nach MGS 2;vor MGS 3;nach MGS 3 und vor MGS 2;zwischen Metal Gear 2 und MGS 1
MGS 4;Normal;6;In wie viele Akte ist das Spiel unterteilt?;6;2;4;8
MGS 4;Normal;Liquid Sun;Wie lautete der Name des 1. Aktes?;Liquid Sun;Solid Sun;Twin Suns;Old Sun
MGS 4;Normal;Solid Sun;Wie lautete der Name des 2. Aktes?;Solid Sun;Liquid Sun;Twin Suns;Old Sun
MGS 4;Normal;Twin Suns;Wie lautete der Name des 4. Aktes?;Twin Suns;Liquid Sun;Solid Sun;Old Sun
MGS 4;Hard;Old Sun;Wie lautete der Name des 5. Aktes?;Old Sun;Liquid Sun;Naked Sin;Twin Suns
MGS 4;Hard;Liquid Ocelot;Verglichen mit MGS 2: welche Figur hat einen neuen japanischen Synchronsprecher bekommen?;Liquid Ocelot;Otacon;Roy Campbell;Raiden
MGS 4;Normal;4;Aus wie vielen Mitgliedern bestand Rat Patrol Team 01?;4;3;5;6
MGS 4;Normal;20%;An manchen Tagen bietet Drebin einen Rabatt an. Wie hoch ist dieser Rabatt?;20%;30%;40%;50%
MGS 4;Normal;während des Briefings zum 2. Akt;Wo kann man die Kamera finden?;während des Briefings zum 2. Akt;im Advent Palace;während des Briefings zum 3. Akt;in der Vista Villa
MGS 4;Hard;Akina Minami;In der Vista Villa befand sich im Schlafzimmer ein Plakat. Wie war der Name des Models?;Akina Minami;Kyoko Terase;Hiromi Tsuru;Yumi Kikuchi
MGS 4;Normal;Cyborg Raiden (Visier geschlossen);Welche Gesichtstarnung (FaceCamo) erhält man, wenn man Naomi mit Metal Gear Mk. II anstößt?;Cyborg Raiden (Visier geschlossen);Cyborg Raiden (Visier geöffnet);Naomi;Sunny
MGS 4;Hard;48273;Wie lautet das Passwort für Otacons Computer im 4. Akt?;48273;43782;47382;42873
MGS 4;Normal;mit einer Kombination aus Rauch- und Betäubungsgranaten;Was ist ein populärer Ansatz, um Crying Wolf mit nicht tödlich Waffen zu besiegen - selbst auf dem höchsten Schwierigkeitsgrad?;mit einer Kombination aus Rauch- und Betäubungsgranaten;Schlafgasminen benutzen;Mosin Nagant benutzen;Schrotflinte mit V-Ring-Munition benutzen
MGS 4;Normal;im 4. Akt;Wann kann man Metal Gear Mk III zum ersten Mal einsetzen?;im 4. Akt;im 2. Akt;im 3. Akt;im 5. Akt
MGS 4;Normal;Schwierigkeitsgrad Hart Big Boss;Was ist keine Voraussetzung für das Big Boss Abzeichen?;Schwierigkeitsgrad Hart Big Boss;das Spiel in unter 5 Stunden absolvieren;keine Feinde töten;keine Fortsetzungen
MGS 4;Hard;über 600 Feinde töten;Was ist keine Voraussetzung für das Chicken Emblem?;über 600 Feinde töten;das Spiel in über 35 Stunden abschließen;über 150 Alarme auslösen;mindestens 50 Fortsetzungen
MGS 4;Hard;Spiel in unter 8 Stunden abschließen;Was ist keine Voraussetzung für das Fox Emblem?;Spiel in unter 8 Stunden abschließen;das Spiel auf dem Schwierigkeitsgrad Normal abschließen;keine Feinde töten;weniger als 5 Alarme auslösen
MGS 4;Normal;das Spiel abschließen ohne jemanden zu töten;Wie kann man die Bandana erhalten?;das Spiel abschließen ohne jemanden zu töten;das Spiel auf dem Schwierigkeitsgrad Hart abschließen;das Spiel in unter 8 Stunden abschließen;im Spiel keinen Alarm auslösen
MGS 4;Normal;das Spiel abschließen ohne einen Alarm auszulösen;Wie kann man die Stealth-Tarnung erhalten?;das Spiel abschließen ohne einen Alarm auszulösen;das Spiel auf dem Schwierigkeitsgrad Hart abschließen;das Spiel in weniger als 8 Stunden beenden;das Spiel mit weniger als 5 Tötungen beenden
MGS 4;Normal;5 Mio. DP;Wie viel muss man für die Bandana bezahlen?;5 Mio. DP;1 Mio. DP;10 Mio. DP;7 Mio. DP
MGS 4;Normal;Octopus, Raven, Wolf, Mantis;In welcher Reihenfolge muss man gegen die Mitglieder der B & B Einheit kämpfen?;Octopus, Raven, Wolf, Mantis;Octopus, Wolf, Raven, Mantis;Raven, Octopus, Wolf, Mantis;Raven, Wolf, Octopus, Mantis
MGS 4;Hard;13462;Mit welchem Code kann man den iPod-Titel "Policenauts End Title" von Policenauts erhalten?;13462;78925;12893;48273
MGS 4;Hard;5;Wie viele Jahre sind seit den Ereignissen von MGS 2 vergangen?;5;4;6;7
MGS 4;Hard;Lee Meriwether;Wer ist die englische Synchronsprecherin von Eva?;Lee Meriwether;Tasia Valenza;Cristina Pucelli;Jennifer Hale
MGS 4;Hard;das Spiel über 40 mal fortsetzen;Wie kann man die Leichen-Uniform erhalten?;das Spiel über 40 mal fortsetzen;mindestens 500 Gegner töten;mindestens 100 mal getötet werden;über 200 Alarme auslösen
MGS 4;Hard;14893;Welchen Code musste man in Otacon's Computer eingebem um 100.000 DP zu erhalten?;14893;48273;12893;42673
MGS 4;Normal;Mittwochs und Sonntags;An welchen Tagen bietet Drebin einen Rabatt an?;Mittwochs und Sonntags;Samstags und Sonntags;Mittwochs und Samstags;Freitags und Sonntags
MGS 4;Normal;Meryl;Wen kann man per Codec nicht kontaktieren?;Meryl;Rosemary;Colonel Campbell;Otacon
MGS 4;Normal;mit einem PS3-Controller;Wie kontrolliert Snake Metal Gear MK-2?;mit einem PS3-Controller;mit PlayStation Portable;mit einem iPod;mit Nanomaschinen
MGS 4;Normal;mit Hilfe der Solarpistole;Wie kann man Vamp recht schnell besiegen?;mit Hilfe der Solarpistole;durch Verwendung von M4 mit V-Ring-Munition;durch den Einsatz von Schlafgasminen;mit Hilfe der Gesichtstarnung von Crying Beauty
MGS 4;Normal;The Boss;Welcher Charakter kommt in MGS 4 nicht vor?;The Boss;Big Boss;Ocelot;Eva
MGS 5;Normal;2. September 2015;Wann wurde das Spiel in Japan veröffentlicht?;2. September 2015;12. Juni 2015;1. März 2015;15. September 2015
MGS 5;Normal;1. September 2015;Wann wurde das Spiel weltweit für die Konsolen veröffentlicht?;1. September 2015;12. Juni 2015;1. August 2015;15. September 2015
MGS 5;Hard;11. Oktober 2016;Wann wurde die Version The Definitive Experience in Nordamerika veröffentlicht?;11. Oktober 2016;15. September 2016;10. November 2016;1. September 2016
MGS 5;Hard;10. November 2016;Wann wurde die Version The Definitive Experience in Japan veröffentlicht?;10. November 2016;11. Oktober 2016;31. Oktober 2016;30. November 2016
MGS 5;Normal;Switch;Für welche Konsole wurde das Spiel nicht veröffentlicht?;Switch;PlayStation 3;XBOX 360;XBOX One
MGS 5;Hard;1984;Die Geschichte spielt im Jahr  …?;1984;1972;1978;1982
MGS 5;Normal;9;Wie viele Jahre sind seit den Ereignissen von MGS Ground Zeroes vergangen?;9;7;5;11
MGS 5;Hard;11;Wie viele Jahre ist die Geschichte vor dem ursprünglichen Metal Gear angesiedelt?;11;9;13;15
MGS 5;Normal;Zypern;Wo erwacht Big Boss nach den Ereignissen von Ground Zeroes?;Zypern;Afghanistan;Ägypten;Costa Rica
MGS 5;Normal;in der Nähe der Seychellen;Wo befindet sich Diamond Dogs?;in der Nähe der Seychellen;im Südatlantik;im Indischen Ozean;im Südpazifik
MGS 5;Normal;Sie sind nicht genetisch verwandt;An einer bestimmten Stelle in der Geschichte bewies ein DNA-Test, dass Eli kein Klon von Venom Snake war. Warum?;Sie sind nicht genetisch verwandt;Eli manipulierte den Test;Es war ein Fehler im Labor;Venoms DNA wurde nicht mit Eli DNA verglichen
MGS 5;Hard;ST-84;Unter welcher Modellbezeichnung war das neue Metal Gear noch bekannt?;ST-84;ZE-20;MG-83;RX-3
MGS 5;Normal;Diamond Dogs;Wie heißt die Söldnergruppe von Big Boss?;Diamond Dogs;Militaires Sans Frontières;XOF;Outer Heaven
MGS 5;Normal;Zypern;Venom Snake trifft Quiet zum ersten Mal in?;Zypern;Afghanistan;Angola;Mother Base
MGS 5;Normal;sie war infiziert;Warum hat Quiet mit niemandem gesprochen?;sie war infiziert;sie konnte nicht sprechen;sie konnte kein Englisch sprechen;sie weigerte sich zu sprechen
MGS 5;Hard;Green Band Trailer;Wie heißt der Trailer, der 2013 auf der Microsoft E3-Pressekonferenz gezeigt wurde?;Green Band Trailer;Red Band Trailer;White Band Trailer;Black Band Trailer
MGS 5;Normal;Not Your Kind of People;Welcher Song war im GDC 2013 Trailer zu hören?;Not Your Kind of People;Nuclear;Sins of the Father;Quiet's Theme
MGS 5;Normal;Elegia;Welcher Song war im E3 2015 Trailer zu hören?;Elegia;Nuclear;Sins of the Father;Quiet's Theme
MGS 5;Normal;Nuclear;Welcher Song war im E3 2014 Trailer zu hören?;Nuclear;Not Your Kind of People;Sins of the Father;Quiet's Theme
MGS 5;Normal;Stefanie Joosten;Welche Schauspielerin spielt Quiet?;Stefanie Joosten;Donna Burke;Léa Seydoux;Jennifer Hale
MGS 5;Hard;Hideyuki Tanaka;Wer ist der japanische Synchronsprecher von Huey Emmerich?;Hideyuki Tanaka;Satoshi Mikami;Yuzuru Fujimoto;Keiji Fujiwara
MGS 5;Normal;Christopher Randolph;Wer ist der englische Synchronsprecher von Huey Emmerich?;Christopher Randolph;Patric Zimmerman;David Hayter;Harry Gregson-Williams
MGS 5;Hard;Satoshi Mikami;Wer ist der japanische Synchronsprecher von Ocelot?;Satoshi Mikami;Hideyuki Tanaka;Takeshi Aono;Tomokazu Sugita
MGS 5;Normal;Troy Baker;Wer ist der englische Synchronsprecher von Ocelot?;Troy Baker;Robin Atkin Downes;David Hayter;Paul Eiding
MGS 5;Normal;Kiefer Sutherland;Wer ist der englische Synchronsprecher von Venom Snake?;Kiefer Sutherland;David Hayter;Akio Ōtsuka;Troy Baker
MGS 5;Normal;Akio Ōtsuka;Wer ist der japanische Synchronsprecher von Venom Snake?;Akio Ōtsuka;Hideo Kojima;Yoji Shinkawa;David Hayter
MGS 5;Hard;Robin Atkin Downes;Wer ist der englische Synchronsprecher von Kazuhira Miller?;Robin Atkin Downes;Troy Baker;Christopher Randolph;Jay Tavare
MGS 5;Hard;Tomokazu Sugita;Wer ist der japanische Synchronsprecher von Kazuhira Miller?;Tomokazu Sugita;Takeshi Aono;Satoshi Mikami;Hideyuki Tanaka
MGS 5;Hard;Jay Tavare;Wer ist der englische Synchronsprecher von Code Talker?;Jay Tavare;Robin Atkin Downes;Paul Eiding;Quinton Flynn
MGS 5;Hard; James Horan;Wer ist der englische Synchronsprecher von Skull Face?; James Horan;Richard Doyle;James Sie;Jay Tavare
MGS 5;Hard;Metal Gear Solid V Lost Memories;Welcher Soundtrack wurde nicht veröffentlicht?;Metal Gear Solid V Lost Memories;Metal Gear Solid V Original Soundtrack;Metal Gear Solid V Extended Soundtrack;Metal Gear Solid V Original Soundtrack The Lost Tapes
MGS 5;Normal;Big Boss;Ishmael war kein geringerer als ...?;Big Boss;Ocelot;Kaz;Skull Face
MGS 5;Hard;11. März;Wann ist Venom erwacht?;11. März;9. März;14. März;7. März
MGS 5;Hard;21. März;Wann sind Ocelot und Venom Snake in das Gebiet um Nordkabul gekommen, um Miller zu retten?;21. März;11. März;1. März;7. März
MGS 5;Hard;Erinnern Sie sich, was mit Ihnen passiert ist?;Welche Frage hat der Arzt im Krankenhaus nicht gestellt?;Erinnern Sie sich, was mit Ihnen passiert ist?;Wie lautet Ihr Name?;Haben Sie Schwierigkeiten beim Sprechen?;Können Sie Ihren Kopf bewegen?
MGS 5;Hard;3;Millers Rettung: Wie viele Tage hatte Miller, laut Ocelot noch zu leben?;3;1;2;4
MGS 5;Hard;Da Ghwandai Khar;Wie hieß das Dorf, in dem Miller gefangen gehalten wurde?;Da Ghwandai Khar;Da Wialo Kallai;Da Shago Kalla;Da Smasei Laman
MGS 5;Hard;einen Speznas-Kommandanten eliminieren;Was war das Ziel der Mission Der Weg des Helden?;einen Speznas-Kommandanten eliminieren;Kommunikationsgeräte zerstören;Rettung des gefangenen Ingenieurs;Rettung eines Mudschaheddin-Kämpfers
MGS 5;Hard;Wo schlafen die Bienen;Während welcher Mission traf Venom Snake Skull Face zum ersten Mal von Angesicht zu Angesicht?;Wo schlafen die Bienen;Informationskontrolle (C2W);Besatzungsmacht;Engel mit gebrochenen Flügeln
MGS 5;Normal;Verborgen in Stille;Während welcher Mission musste Venom Snake gegen Quiet kämpfen?;Verborgen in Stille;Engel mit gebrochenen Flügeln;Der Weg des Helden;Besatzungsmacht
MGS 5;Normal;Königreich der Fliegen;Wie hieß die letzte Mission, die aus dem Spiel entfernt wurde?;Königreich der Fliegen;Phantomglieder;Der Weg des Helden;Auf dem Weg in die Hölle
MGS 5;Hard;Zentrales Hauptlager;Wo wurde Huey als Geisel gehalten, als Snake ihn rettete?;Zentrales Hauptlager;Kraftwerk Serak;Östlicher Kommunikationsposten;Qarya Sakhra Ee
MGS 5;Normal;Huey zu retten;Was war das Hauptziel der Mission Auf dem Weg in die Hölle?;Huey zu retten;Bergung des Mammal-Pods;Sahelanthropus zu zerstören;Kindersoldaten zu retten
MGS 5;Hard;Pechschwarz;Venom Snakes erste Mission in Afrika war…?;Pechschwarz;Lingua Franca;Karawane der Verräter;Verbindung des Blutes
MGS 5;Hard;Stimmen;Während welcher Mission musste Venom Snake gegen den Man on Fire kämpfen?;Stimmen;Lingua Franca;Verbindung des Blutes;Auf der Jagd
MGS 5;Normal;Die Weisse Mamba;Während welcher Mission musste Venom Snake gegen Eli kämpfen und ihn anschließend extrahieren?;Die Weisse Mamba;Lingua Franca;Stimmen;Enger Kontakt
MGS 5;Hard;Nachschubaußenposten Yakho Oboo;Wo hat Venom Snake den Leichnam des Man on Fire gefunden?;Nachschubaußenposten Yakho Oboo;Da Shago Kalla;Qarya Sakhra Ee;Zentrales Hauptlager
MGS 5;Hard;Lamar Khaate Palast;Wo wurde Quiet als Geisel festgehalten?;Lamar Khaate Palast;Nachschubaußenposten Yakho Oboo;Qarya Sakhra Ee;Östlicher Kommunikationsposten
MGS 5;Normal;Ich habe mich nicht dafür entschieden, still zu sein;Was waren die ersten Worte auf der Kassette von Quiet?;Ich habe mich nicht dafür entschieden, still zu sein;Hätten wir doch nur eine gemeinsame Sprache;Es war die Rache, die mich zu ihnen trieb;Ich wollte dir meine Gefühle zeigen
MGS 5;Normal;Wahrheit: Der Mann, der die Welt verkauft hat;Fakten existieren nicht, es gibt nur Interpretationen.   Vor welcher Mission wurde das nachfolgende Zitat eingeblendet?;Wahrheit: Der Mann, der die Welt verkauft hat;Skull Face;Erwachen;Königreich der Fliegen
MGS 5;Normal;Erinnerst du dich jetzt?;Was waren die ersten Worte auf der Kassette von Big Boss?;Erinnerst du dich jetzt?;Ich habe den Tod überlistet, dank dir;Ich bin Big Boss, und du bist es auch...;Diese Geschichte - diese "Legende" - gehört uns
MGS 5;Normal;Von jetzt an bist du Big Boss;Was waren die letzten Worte auf der Kassette von Big Boss?;Von jetzt an bist du Big Boss;Danke... mein Freund;Diese Geschichte - diese "Legende" - gehört uns.;Ich bin du, und du bist ich
MGS 5;Hard;[Extrem] Stimmen;Welche Mission gibt es nicht?;[Extrem] Stimmen;[Extrem] Unterstützung;[Extrem] Karawane der Verräter;[Extrem] Code Talker
MGS 5;Hard;[Ohne Entdeckung] Lingua Franca;Welche Mission gibt es nicht?;[Ohne Entdeckung] Lingua Franca;[Ohne Entdeckung] Über den Zaun;[Ohne Entdeckung] Kriegswirtschaft;[Ohne Entdeckung] Spuren der Phantom
MGS 5;Hard;157;Wie viele Nebenoperationen (Side Ops) gibt es im Spiel?;157;132;145;126
MGS 5;Normal;7;Wie viele Zielübung Nebenoperationen gibt es im Spiel?;7;4;9;11
MGS 5;Hard;Skull Face;Was war die Missionsnummer 30?;Skull Face;Code Talker;Metallische Archaeen;Sahelanthropus
MGS 5;Normal;Stiller Abgang;Nach welcher Mission verschwand Quiet?;Stiller Abgang;Verborgen in Stille;Besatzungsmacht;Stille Rache
MGS 5;Hard;45;Als Venom Snake aufbrach, um Quiet zu retten, welche Missionsnummer war das?;45;43;47;46
MGS 5;Normal;Peace Walker - Main Theme;Welche Kassette kann man während der Mission - Im Tode erstrahlt - erwerben?;Peace Walker - Main Theme;Heavens Divide;Snake Eater;The Man Who Sold The World
MGS 5;Normal;Donna Burke;Von wem wurde der Song -Sins of the Father- gesungen?;Donna Burke;Lisbeth Scott;Cynthia Harrell;Stefanie Joosten
MGS 5;Hard;nach der Mission 14;Ab wann kann man Quiet als Buddy einsetzen?;nach der Mission 14;nach der Mission 15;nach der Mission 16;nach der Mission 19
MGS 5;Normal;Emil Cioran;Welcher Philosoph wurde zu Beginn des Spiels zitiert?;Emil Cioran;Friedrich Nietzsche;Mark Twain;Cypher
MGS 5;Normal;Dr. Strangelove;Als Venom Snake den AI-Pod bergen konnte, wurde in ihm eine Leiche gefunden. Wessen Leiche war das?;Dr. Strangelove;Chico;Paz;Colonel Volgin
MGS 5;Normal;Oberst Volgin;Der brennende Mann war kein anderer als?;Oberst Volgin;Skull Face;Chico;The Sorrow
MGS 5;Normal;ihre eingeäscherten Überreste wurden in Diamanten verwandelt;Was geschah mit den Männern, die während der Epidemie auf der Mother Base getötet wurden?;ihre eingeäscherten Überreste wurden in Diamanten verwandelt;sie wurden auf See bestattet;sie wurden begraben;ihre Überreste wurden ausgeflogen
MGS 5;Normal;Können Sie mich hören?;Was war das Erste, was der Arzt zu Venom Snake sagte?;Können Sie mich hören?;Haben Sie Schwierigkeiten beim Sprechen?;Können Sie Ihren Kopf bewegen?;Wie fühlen Sie sich?
MGS 5;Normal;Miller und Paz;Im Laufe des Spiels konnte man mehrere Erinnerungsfotos erhalten. Wie hieß das 1. Foto?;Miller und Paz;Geburtstagsfeier;Costa Rica;Paketzustellung
MGS 5;Hard;144;Bei welcher Nebenmission konnte man den Leichnam des brennenden Mannes bergen?;144;149;137;132
MGS 5;Hard;7;Wie viele Plattformen standen bei Diamond Dogs zur Verfügung?;7;9;6;5
MGS 5;Hard;10 Tage;Wie lange würde es dauern, von Zypern nach Afghanistan zu gelangen?;10 Tage;7 Tage;9 Tage;11 Tage
MGS 5;Hard;11. März 1984;Wann erschien Quiet in Zypern, um Venom Snake zu töten?;11. März 1984;21. März 1984;18. März 1984;25. März 1984
MGS 5;Hard;5;Im Verlauf der Geschichte konnte man sich Paz' Tagebücher auf Kassetten anhören. Wie viele Kassetten gab es?;5;3;4;6
MGS 5;Hard;sie würgte Venom Snake;Was geschah, nachdem Quiet ihr Messer auf Ismael geworfen hatte?;sie würgte Venom Snake;sie zielte mit ihrer Handfeuerwaffe auf Venom Snake;sie würgte Ismael;sie hat ihre Handfeuerwaffe nachgeladen